0.00787,-1.999983,-0.000009
0.035641,-1.999983,-0.000009
0.070376,-1.999984,-0.000009
0.11205,-1.999984,-0.000009
0.160758,-1.999984,-0.000009
0.216359,-1.999985,-0.000009
0.279968,-1.999986,-0.000009
0.347436,-1.999986,-0.000009
0.4225,-1.999987,-0.00001
0.503536,-1.999988,-0.00001
0.589973,-1.999988,-0.00001
0.681608,-1.999989,-0.00001
0.778279,-1.99999,-0.00001
0.87983,-1.999991,-0.00001
0.986108,-1.999992,-0.00001
1.096965,-1.999993,-0.00001
1.212259,-1.999995,-0.000011
1.33185,-1.999996,-0.000011
1.455605,-1.999997,-0.000011
1.583382,-1.999999,-0.000011
1.715018,-2,-0.000012
1.850345,-2.000002,-0.000012
1.989031,-2.000003,-0.000013
2.13086,-2.000005,-0.000013
2.275566,-2.000007,-0.000014
2.422981,-2.000009,-0.000015
2.572987,-2.000012,-0.000015
2.725468,-2.000014,-0.000016
2.880347,-2.000017,-0.000017
3.037549,-2.000019,-0.000018
3.197002,-2.000022,-0.000019
3.358638,-2.000032,-0.000107
3.522375,-2.000151,-0.0011
3.687934,-2.000576,-0.003979
3.855308,-2.00161,-0.008211
4.024488,-2.003354,-0.012289
4.195436,-2.005752,-0.015687
4.368167,-2.008587,-0.017548
4.556514,-2.01182,-0.017098
4.711611,-2.01441,-0.015922
4.896222,-2.017158,-0.01387
5.074572,-2.019478,-0.012178
5.253432,-2.021546,-0.011401
5.432749,-2.023722,-0.011784
5.612728,-2.025794,-0.011112
5.793428,-2.027762,-0.010742
5.978514,-2.029673,-0.010438
6.160796,-2.031516,-0.010428
6.343333,-2.033586,-0.011519
6.522697,-2.035613,-0.01137
6.706217,-2.037731,-0.011524
6.893877,-2.039909,-0.011668
7.074584,-2.042016,-0.011656
7.259347,-2.044169,-0.011645
7.448179,-2.046365,-0.011605
7.629951,-2.048471,-0.01157
7.815769,-2.050619,-0.011549
8.001915,-2.052768,-0.011549
8.188373,-2.054922,-0.011548
8.375085,-2.057078,-0.011548
8.562028,-2.059237,-0.011548
8.749193,-2.061398,-0.011547
8.936574,-2.063562,-0.011546
9.124165,-2.065728,-0.011546
9.311959,-2.067896,-0.011546
9.49995,-2.070067,-0.011545
9.68813,-2.07224,-0.011545
9.876496,-2.074414,-0.011544
10.06504,-2.076591,-0.011544
10.253757,-2.07877,-0.011544
10.442642,-2.08095,-0.011543
10.631689,-2.083132,-0.011543
10.820894,-2.085317,-0.011543
11.010236,-2.087502,-0.011543
11.199663,-2.089689,-0.011543
11.389151,-2.091876,-0.011542
11.58244,-2.094107,-0.011542
11.768141,-2.09625,-0.011542
11.957573,-2.098437,-0.011542
12.146945,-2.100623,-0.011542
12.336258,-2.102808,-0.011542
12.525514,-2.104992,-0.011542
12.714716,-2.107176,-0.011542
12.903864,-2.10936,-0.011542
13.09296,-2.111542,-0.011542
13.282006,-2.113724,-0.011542
13.471004,-2.115906,-0.011542
13.659955,-2.118087,-0.011542
13.848861,-2.120268,-0.011543
14.037722,-2.122448,-0.011543
14.226541,-2.124627,-0.011543
14.415318,-2.126806,-0.011543
14.604055,-2.128985,-0.011543
14.792754,-2.131163,-0.011543
14.981415,-2.133341,-0.011543
15.173811,-2.135562,-0.011543
15.358628,-2.137695,-0.011543
15.545977,-2.139858,-0.011543
15.728049,-2.14196,-0.01155
15.904661,-2.144004,-0.011606
16.075985,-2.146002,-0.011742
16.242188,-2.147971,-0.011976
16.403429,-2.149928,-0.012304
16.561053,-2.151896,-0.012665
16.719198,-2.153925,-0.012991
16.878189,-2.156013,-0.013259
17.037999,-2.15815,-0.013463
17.19859,-2.160324,-0.013598
17.359888,-2.162523,-0.013663
17.521853,-2.164739,-0.013695
17.684413,-2.166967,-0.013712
17.847546,-2.169205,-0.013718
18.011234,-2.17145,-0.013716
18.178748,-2.173747,-0.01371
18.343503,-2.176006,-0.013704
18.508763,-2.17827,-0.013701
18.67451,-2.180541,-0.0137
18.84073,-2.182819,-0.0137
19.004066,-2.185056,-0.0137
19.171123,-2.187345,-0.013701
19.338542,-2.189639,-0.013701
19.506314,-2.191938,-0.013701
19.674427,-2.194241,-0.013701
19.846242,-2.196595,-0.013701
20.015012,-2.198908,-0.013701
20.184091,-2.201225,-0.013701
20.353471,-2.203545,-0.013701
20.526538,-2.205917,-0.013701
20.689692,-2.208152,-0.013701
20.859912,-2.210485,-0.013701
21.030396,-2.212821,-0.013702
21.201137,-2.21516,-0.013702
21.372126,-2.217503,-0.013702
21.543356,-2.219849,-0.013702
21.714819,-2.222199,-0.013702
21.886508,-2.224551,-0.013702
22.068736,-2.227049,-0.013702
22.230535,-2.229266,-0.013702
22.402558,-2.231623,-0.013702
22.570633,-2.233926,-0.013702
22.733686,-2.23616,-0.013699
22.891873,-2.238326,-0.013683
23.045346,-2.240424,-0.013652
23.194254,-2.242454,-0.013613
23.341582,-2.244457,-0.013569
23.481695,-2.246355,-0.013526
23.617659,-2.248191,-0.01349
23.749603,-2.24997,-0.013465
23.875129,-2.251659,-0.013451
23.99948,-2.253331,-0.013444
24.122552,-2.254986,-0.013442
24.237325,-2.256529,-0.013443
24.351043,-2.258057,-0.013445
24.461436,-2.259542,-0.013447
24.568608,-2.260983,-0.013449
24.674708,-2.26241,-0.01345
24.773685,-2.263742,-0.01345
24.871783,-2.265061,-0.01345
24.967043,-2.266342,-0.01345
25.059554,-2.267587,-0.013449
25.152249,-2.268833,-0.013449
25.248035,-2.270122,-0.013449
25.346821,-2.27145,-0.013449
25.448557,-2.272819,-0.013448
25.555533,-2.274257,-0.013448
25.661394,-2.275681,-0.013448
25.774801,-2.277206,-0.013447
25.889152,-2.278744,-0.013447
26.004166,-2.28029,-0.013446
26.124442,-2.281908,-0.013446
26.250102,-2.283597,-0.013445
26.373661,-2.285259,-0.013445
26.502524,-2.286991,-0.013444
26.63411,-2.28876,-0.013443
26.768334,-2.290565,-0.013443
26.905113,-2.292404,-0.013442
27.044367,-2.294275,-0.013441
27.18602,-2.296179,-0.01344
27.329997,-2.298115,-0.013439
27.476224,-2.30008,-0.013438
27.624632,-2.302074,-0.013437
27.775152,-2.304096,-0.013436
27.927719,-2.306146,-0.013434
28.088491,-2.308306,-0.013433
28.241888,-2.310367,-0.013432
28.400256,-2.312494,-0.013431
28.560426,-2.314645,-0.01343
28.725596,-2.316864,-0.013429
28.882658,-2.318973,-0.013428
29.04787,-2.321192,-0.013427
29.214456,-2.323428,-0.013427
29.377892,-2.325623,-0.013427
29.536451,-2.327752,-0.013427
29.690285,-2.329818,-0.013427
29.83954,-2.331822,-0.013428
29.984361,-2.333767,-0.013431
30.124886,-2.335654,-0.013435
30.261248,-2.337487,-0.01344
30.393578,-2.339266,-0.013444
30.522002,-2.340993,-0.013448
30.646641,-2.342669,-0.013451
30.767614,-2.344296,-0.013452
30.888288,-2.34592,-0.013453
31.012002,-2.347584,-0.013453
31.138669,-2.349288,-0.013453
31.268195,-2.351031,-0.013452
31.400492,-2.352811,-0.013452
31.535474,-2.354627,-0.013452
31.673056,-2.356477,-0.013452
31.813156,-2.358362,-0.013452
31.955698,-2.36028,-0.013452
32.100604,-2.362229,-0.013452
32.2478,-2.364209,-0.013452
32.397216,-2.366219,-0.013452
32.551833,-2.368299,-0.013452
32.702428,-2.370325,-0.013452
32.858094,-2.372419,-0.013452
33.018886,-2.374582,-0.013452
33.175438,-2.376688,-0.013452
33.337509,-2.378869,-0.013452
33.501883,-2.38108,-0.013452
33.668489,-2.383321,-0.013452
33.837257,-2.385592,-0.013452
34.00812,-2.38789,-0.013452
34.181012,-2.390216,-0.013453
34.35587,-2.392569,-0.013453
34.532632,-2.394947,-0.013453
34.71124,-2.39735,-0.013453
34.891635,-2.399777,-0.013453
35.073761,-2.402227,-0.013453
35.257565,-2.4047,-0.013453
35.442995,-2.407195,-0.013453
35.629998,-2.409711,-0.013453
35.818528,-2.412247,-0.013453
36.008534,-2.414804,-0.013453
36.203816,-2.417431,-0.013453
36.392798,-2.419974,-0.013453
36.586966,-2.422586,-0.013453
36.782036,-2.42521,-0.013453
36.972835,-2.427777,-0.013453
37.157903,-2.430267,-0.013453
37.337418,-2.432682,-0.013453
37.511554,-2.435025,-0.013453
37.680477,-2.437298,-0.013452
37.844352,-2.439502,-0.013451
38.003336,-2.441641,-0.013451
38.157581,-2.443715,-0.01345
38.307235,-2.445728,-0.01345
38.452442,-2.447681,-0.01345
38.59334,-2.449577,-0.01345
38.730065,-2.451416,-0.01345
38.862746,-2.4532,-0.01345
38.991509,-2.454932,-0.01345
39.116478,-2.456613,-0.01345
39.23777,-2.458244,-0.01345
39.3555,-2.459828,-0.01345
39.46978,-2.461365,-0.01345
39.580716,-2.462857,-0.01345
39.688415,-2.464306,-0.01345
39.792975,-2.465712,-0.01345
39.89449,-2.467078,-0.01345
39.99304,-2.468403,-0.01345
40.088701,-2.46969,-0.01345
40.18502,-2.470985,-0.01345
40.283509,-2.47231,-0.01345
40.386475,-2.473695,-0.01345
40.49393,-2.47514,-0.01345
40.608129,-2.476676,-0.01345
40.719744,-2.478178,-0.01345
40.840141,-2.479797,-0.01345
40.964624,-2.481472,-0.01345
41.093064,-2.483199,-0.01345
41.225338,-2.484978,-0.01345
41.364084,-2.486844,-0.013449
41.503746,-2.488723,-0.013449
41.646933,-2.490649,-0.013449
41.793546,-2.492621,-0.013449
41.943479,-2.494637,-0.013449
42.093533,-2.496655,-0.013448
42.249735,-2.498756,-0.013448
42.408957,-2.500897,-0.013447
42.571104,-2.503078,-0.013447
42.736086,-2.505296,-0.013447
42.903813,-2.507552,-0.013446
43.074201,-2.509843,-0.013445
43.247165,-2.512169,-0.013445
43.422626,-2.514528,-0.013444
43.600506,-2.516919,-0.013443
43.780728,-2.519342,-0.013443
43.963221,-2.521795,-0.013442
44.147913,-2.524278,-0.013441
44.334734,-2.526789,-0.01344
44.52362,-2.529328,-0.013439
44.714506,-2.531893,-0.013439
44.907328,-2.534485,-0.013438
45.105939,-2.537154,-0.013437
45.302492,-2.539795,-0.013436
45.496821,-2.542406,-0.013435
45.696805,-2.545093,-0.013435
45.898442,-2.547802,-0.013434
46.101681,-2.550532,-0.013433
46.306471,-2.553281,-0.013403
46.512763,-2.556039,-0.013309
46.720512,-2.558787,-0.013133
46.929672,-2.561508,-0.012884
47.140199,-2.564192,-0.012601
47.352051,-2.566828,-0.012278
47.569462,-2.569454,-0.011865
47.779565,-2.571903,-0.011439
47.995148,-2.574321,-0.010997
48.212188,-2.576479,-0.010381
48.432236,-2.57881,-0.010004
48.645492,-2.581034,-0.009918
48.864739,-2.583242,-0.010476
49.086898,-2.585564,-0.010203
49.301433,-2.58767,-0.009256
49.52163,-2.589586,-0.008048
49.742428,-2.59111,-0.006354
49.959279,-2.592272,-0.004369
50.174741,-2.5927,-0.002327
50.39838,-2.59314,0.000177
50.620539,-2.592919,0.001893
50.843373,-2.592351,0.003193
51.071458,-2.591486,0.004372
51.290463,-2.590107,0.006701
51.51585,-2.587899,0.011964
51.739756,-2.585034,0.014175
51.964585,-2.581679,0.01562
52.189852,-2.578042,0.017403
52.415713,-2.573838,0.020563
52.642641,-2.568879,0.024158
52.869573,-2.563083,0.025994
53.097392,-2.556871,0.027517
53.32331,-2.550577,0.029255
53.551472,-2.543734,0.030672
53.780285,-2.536634,0.031561
54.009731,-2.529334,0.032536
54.239638,-2.521704,0.0338
54.468872,-2.513407,0.036481
54.699752,-2.50424,0.041427
54.929272,-2.49478,0.042825
55.159489,-2.48473,0.044417
55.390062,-2.474325,0.046506
55.621121,-2.463293,0.049311
55.853039,-2.451606,0.051856
56.084961,-2.439047,0.055204
56.334367,-2.424968,0.058161
56.54695,-2.41246,0.059969
56.779113,-2.398323,0.061628
57.011739,-2.383706,0.065099
57.244687,-2.367781,0.071147
57.477946,-2.350878,0.073697
57.711155,-2.33332,0.07498
57.944403,-2.315322,0.078441
58.177196,-2.29649,0.082704
58.410426,-2.276749,0.086258
58.643894,-2.256212,0.089985
58.87777,-2.234717,0.093897
59.112188,-2.212298,0.097558
59.346526,-2.188738,0.102066
59.578903,-2.164385,0.106934
59.812995,-2.138716,0.111418
60.042695,-2.112564,0.115209
60.28224,-2.084438,0.118761
60.517356,-2.055975,0.122102
60.751591,-2.02657,0.126412
60.987458,-1.995725,0.132285
61.220948,-1.964744,0.134564
61.451277,-1.933433,0.135717
61.674455,-1.902792,0.137209
61.89059,-1.872752,0.139804
62.10078,-1.843022,0.141857
62.304281,-1.813775,0.143939
62.502102,-1.784684,0.147145
62.69505,-1.755687,0.146372
62.890838,-1.726909,0.145713
63.088189,-1.698139,0.142427
63.291038,-1.66943,0.139202
63.487269,-1.64207,0.137939
63.688579,-1.614252,0.136677
63.890514,-1.586408,0.134011
64.094678,-1.558838,0.133108
64.298213,-1.531746,0.132489
64.503521,-1.504481,0.131775
64.709978,-1.477225,0.131557
64.921851,-1.4492,0.132062
65.126652,-1.421904,0.132992
65.336815,-1.39379,0.133743
65.547701,-1.365094,0.135562
65.757475,-1.336455,0.137564
65.969068,-1.307138,0.139307
66.181939,-1.277186,0.140563
66.400123,-1.246216,0.14217
66.614939,-1.215242,0.144232
66.830522,-1.183731,0.146028
67.04568,-1.15139,0.150086
67.262128,-1.118181,0.155282
67.478296,-1.084101,0.15751
67.690787,-1.050157,0.159753
67.908185,-1.014795,0.163531
68.126287,-0.978377,0.167832
68.345476,-0.940934,0.171531
68.564602,-0.902305,0.175984
68.788423,-0.861937,0.180333
69.006547,-0.822211,0.184451
69.222301,-0.781526,0.188266
69.469744,-0.733821,0.193615
69.669119,-0.694319,0.197426
69.886663,-0.650415,0.200783
70.108323,-0.604862,0.203391
70.331098,-0.558041,0.209064
70.552657,-0.51065,0.214085
70.774758,-0.46189,0.218163
70.997158,-0.412205,0.22221
71.219982,-0.361372,0.226839
71.44342,-0.309357,0.230927
71.666735,-0.25625,0.234676
71.889715,-0.202538,0.238895
72.111801,-0.147752,0.244458
72.335044,-0.091484,0.249237
72.558176,-0.034216,0.253235
72.775921,0.022574,0.257114
72.986719,0.078451,0.261184
73.190411,0.133722,0.266304
73.389495,0.188325,0.268972
73.581091,0.240932,0.27175
73.770489,0.294053,0.274992
73.965127,0.349252,0.277557
74.153266,0.40305,0.279485
74.34676,0.458733,0.280882
74.541665,0.514959,0.281317
74.737396,0.571636,0.280788
74.933527,0.628264,0.280739
75.130331,0.685211,0.280885
75.328968,0.74252,0.280866
75.528912,0.800249,0.281187
75.734047,0.859538,0.281508
75.93201,0.91681,0.281692
76.134259,0.975541,0.282086
76.338892,1.035248,0.283377
76.542181,1.094348,0.283432
76.746954,1.153936,0.282873
76.952748,1.213651,0.282547
77.159503,1.273646,0.28287
77.367149,1.334081,0.283631
77.580119,1.396212,0.284682
77.785333,1.456609,0.286299
77.99342,1.518065,0.287034
78.203025,1.580079,0.286819
78.413697,1.642176,0.286442
78.62533,1.704466,0.28604
78.837709,1.766864,0.285435
79.050785,1.829322,0.28514
79.263626,1.892097,0.285197
79.477192,1.954879,0.287014
79.690752,2.018116,0.289296
79.904991,2.082133,0.291464
80.119746,2.146783,0.293836
80.33504,2.212141,0.296211
80.551171,2.27824,0.298056
80.767304,2.345082,0.299974
80.982405,2.41174,0.301931
81.202384,2.480279,0.303612
81.419022,2.548292,0.304923
81.636285,2.616779,0.30642
81.853904,2.68587,0.308397
82.067456,2.754105,0.310145
82.284786,2.824544,0.315088
82.502256,2.895854,0.320103
82.719266,2.968144,0.322674
82.936519,3.041046,0.324959
83.153859,3.114578,0.328338
83.371422,3.189168,0.332695
83.593796,3.266294,0.335759
83.80755,3.341419,0.339
84.023514,3.417761,0.341777
84.241137,3.495474,0.34461
84.459155,3.574061,0.347364
84.677672,3.653374,0.349477
84.896451,3.73342,0.351968
85.114844,3.813899,0.354432
85.334214,3.896016,0.360087
85.551591,3.978238,0.363457
85.769303,4.061305,0.365485
85.987061,4.144836,0.36758
86.209165,4.230749,0.371364
86.422957,4.31439,0.375212
86.640565,4.400572,0.37817
86.85831,4.487558,0.381338
87.074212,4.574468,0.384991
87.291555,4.662926,0.387989
87.509218,4.752151,0.390239
87.727219,4.842088,0.392461
87.94534,4.932643,0.394502
88.162609,5.023921,0.399098
88.380152,5.116126,0.404091
88.596701,5.208863,0.405556
88.813366,5.302067,0.40692
89.03006,5.395604,0.408771
89.246739,5.489889,0.412635
89.463656,5.585213,0.415683
89.680623,5.68146,0.418498
89.895476,5.777528,0.420833
90.112032,5.874732,0.423043
90.328801,5.972589,0.425014
90.545931,6.071114,0.426947
90.763225,6.1702,0.428742
90.979772,6.2697,0.431707
91.197413,6.370759,0.436805
91.412855,6.471301,0.438385
91.625238,6.571048,0.439976
91.83081,6.668132,0.442804
92.029782,6.762791,0.445403
92.223221,6.855193,0.446836
92.410284,6.945052,0.449012
92.591934,7.033055,0.452064
92.766335,7.118117,0.451082
92.936682,7.200757,0.452154
93.101818,7.281064,0.453436
93.262975,7.359981,0.457588
93.425141,7.440247,0.461442
93.588719,7.521865,0.463917
93.753255,7.604285,0.465761
93.919827,7.68877,0.468519
94.086286,7.773428,0.472144
94.254182,7.859259,0.474936
94.423343,7.946327,0.476517
94.59386,8.034557,0.479038
94.76562,8.124054,0.48171
94.938906,8.214934,0.484345
95.113455,8.307033,0.487341
95.288416,8.400224,0.490914
95.463431,8.494179,0.493907
95.639068,8.589225,0.495933
95.816275,8.685285,0.497189
95.991112,8.780126,0.496528
96.174114,8.879404,0.497702
96.357996,8.979424,0.4985
96.535246,9.075788,0.49872
96.716029,9.174783,0.500194
96.890886,9.270722,0.503459
97.06048,9.364099,0.50732
97.224333,9.455592,0.511369
97.382851,9.544798,0.514442
97.536476,9.631915,0.518028
97.685242,9.717044,0.521598
97.829631,9.800242,0.524386
97.968969,9.881119,0.526544
98.104076,9.960094,0.52973
98.231324,10.034786,0.532242
98.360387,10.110927,0.535517
98.482459,10.183683,0.539642
98.600319,10.254645,0.544333
98.716441,10.325234,0.547818
98.824252,10.391228,0.550807
98.93083,10.45688,0.553205
99.034151,10.520814,0.555034
99.134369,10.583066,0.556669
99.231583,10.643675,0.558267
99.325709,10.702577,0.559497
99.42053,10.762147,0.561317
99.51735,10.823155,0.563217
99.617121,10.886333,0.564182
99.720105,10.951425,0.565049
99.828361,11.01986,0.563342
99.937749,11.088857,0.561716
100.048015,11.158127,0.560365
100.163572,11.230524,0.558894
100.282176,11.304608,0.557833
100.403741,11.380354,0.55667
100.528366,11.457829,0.555853
100.654719,11.536364,0.555668
100.783776,11.616498,0.555259
100.924533,11.703785,0.553583
101.049575,11.78103,0.552324
101.187802,11.86577,0.546756
101.323102,11.947871,0.544344
101.463119,12.032387,0.541614
101.602485,12.115914,0.538193
101.747022,12.201951,0.535882
101.893837,12.28891,0.533691
102.042329,12.376602,0.531523
102.192917,12.466226,0.529166
102.344403,12.554572,0.528639
102.498217,12.644347,0.528082
102.653857,12.735015,0.527762
102.814541,12.828632,0.527706
102.970802,12.919709,0.527762
103.131963,13.013666,0.527864
103.294879,13.108613,0.527991
103.458769,13.20447,0.528642
103.623132,13.300389,0.529381
103.788634,13.397072,0.5286
103.956069,13.494652,0.526988
104.125021,13.59305,0.529055
104.295113,13.69254,0.528908
104.466328,13.792375,0.526895
104.638904,13.892707,0.526687
104.812152,13.994415,0.525757
104.986205,14.095423,0.525496
105.178842,14.206996,0.526063
105.337523,14.299134,0.52642
105.514847,14.402171,0.526995
105.696956,14.508161,0.527671
105.873022,14.610841,0.528316
106.053674,14.716353,0.529397
106.234783,14.822638,0.531048
106.415028,14.928489,0.534005
106.596655,15.035964,0.534323
106.779161,15.143942,0.534319
106.962504,15.252715,0.538085
107.146189,15.362757,0.540374
107.33054,15.473362,0.540692
107.515155,15.584715,0.541019
107.70004,15.69599,0.541953
107.885403,15.8079,0.544187
108.07514,15.923013,0.546539
108.257868,16.034389,0.5489
108.444962,16.14908,0.551379
108.632998,16.264991,0.553711
108.821016,16.381738,0.556807
109.008511,16.499001,0.559807
109.195717,16.616189,0.562928
109.387781,16.737618,0.56463
109.576657,16.857646,0.569
109.761835,16.97667,0.573474
109.951033,17.099277,0.576428
110.139693,17.222301,0.577811
110.329056,17.346282,0.58223
110.517592,17.47106,0.586967
110.706259,17.597205,0.591709
110.894871,17.724565,0.596745
111.083458,17.853317,0.601895
111.279777,17.988778,0.60657
111.464419,18.117682,0.611271
111.648231,18.247189,0.615571
111.834796,18.379174,0.619353
112.0222,18.513229,0.622588
112.209788,18.648134,0.625006
112.397361,18.783928,0.628224
112.584817,18.92044,0.631029
112.770966,19.05764,0.637299
112.957416,19.19662,0.644291
113.146198,19.338979,0.647982
113.331001,19.479321,0.651598
113.515469,19.620636,0.656525
113.699787,19.763259,0.661942
113.883689,19.907147,0.665416
114.061081,20.047005,0.668762
114.234997,20.18483,0.672771
114.404523,20.319712,0.676098
114.568688,20.451548,0.677711
114.727662,20.579788,0.68004
114.881507,20.704523,0.682604
115.030367,20.825883,0.68543
115.173946,20.944147,0.688901
115.313656,21.059583,0.690939
115.448819,21.171586,0.693453
115.579088,21.280216,0.696819
115.707405,21.387947,0.700649
115.826753,21.488778,0.703194
115.944841,21.588977,0.705471
116.059164,21.686536,0.707686
116.17339,21.784473,0.709899
116.286545,21.882008,0.712456
116.402038,21.982069,0.714816
116.523693,22.087822,0.716684
116.637334,22.186877,0.717951
116.755114,22.289874,0.721945
116.876975,22.397427,0.7237
117.000648,22.506613,0.722635
117.131008,22.621678,0.723803
117.252923,22.729496,0.724638
117.384109,22.845923,0.727101
117.511078,22.959473,0.728498
117.642539,23.077223,0.731591
117.775061,23.19694,0.734651
117.907976,23.317235,0.737671
118.042162,23.439531,0.741305
118.180093,23.566263,0.745601
118.313604,23.689934,0.749457
118.450735,23.818033,0.753549
118.588809,23.948055,0.757502
118.727231,24.079784,0.762098
118.869052,24.215579,0.766211
119.004766,24.346637,0.768195
119.144656,24.482501,0.771393
119.288548,24.622626,0.773264
119.427203,24.758636,0.778784
119.568844,24.899132,0.783446
119.710617,25.04091,0.787512
119.852438,25.183491,0.788993
119.995161,25.328325,0.793603
120.136672,25.473186,0.798658
120.278461,25.619427,0.802914
120.420695,25.766683,0.802951
120.56357,25.914805,0.804955
120.709727,26.067122,0.807916
120.850486,26.214907,0.812202
120.9936,26.366993,0.81839
121.136508,26.520284,0.82286
121.278048,26.673335,0.825281
121.420545,26.828464,0.830046
121.563348,26.984779,0.829355
121.706772,27.141614,0.832208
121.849743,27.29975,0.83933
121.991947,27.458709,0.84153
122.137801,27.6226,0.846344
122.276323,27.78052,0.85196
122.417615,27.94278,0.856703
122.558769,28.106302,0.860703
122.700051,28.270996,0.863912
122.841301,28.437045,0.868213
122.982519,28.604613,0.873374
123.122873,28.7735,0.880628
123.262495,28.943291,0.885347
123.401043,29.113787,0.890673
123.539508,29.286121,0.897071
123.677463,29.459882,0.901552
123.815748,29.634621,0.900268
123.954434,29.809611,0.902566
124.0929,29.985071,0.902344
124.234672,30.165354,0.905409
124.372721,30.341749,0.909539
124.510575,30.5196,0.913234
124.648199,30.69843,0.916533
124.785727,30.878036,0.918055
124.929266,31.066001,0.919873
125.058598,31.236231,0.921892
125.195985,31.417764,0.924686
125.332384,31.599569,0.92707
125.471857,31.786099,0.930392
125.608336,31.969827,0.932547
125.745188,32.154081,0.931035
125.882522,32.338409,0.930532
126.019928,32.522796,0.9297
126.15797,32.708192,0.930681
126.302988,32.903825,0.934171
126.429219,33.074753,0.935281
126.566528,33.261173,0.936667
126.704,33.448022,0.936566
126.841997,33.635619,0.937247
126.979589,33.823312,0.939129
127.119227,34.014211,0.941889
127.253369,34.198664,0.942688
127.393073,34.391185,0.943425
127.527455,34.576538,0.942268
127.668332,34.769229,0.936561
127.804484,34.954282,0.937263
127.943918,35.14337,0.934157
128.082745,35.331019,0.932212
128.222144,35.519185,0.934452
128.369911,35.719302,0.934943
128.501185,35.89717,0.934918
128.643879,36.090353,0.934488
128.781556,36.276438,0.933956
128.922069,36.466275,0.933792
129.061348,36.654912,0.934157
129.201823,36.845046,0.934815
129.342411,37.035591,0.935437
129.483152,37.226724,0.936565
129.623889,37.418232,0.937483
129.764138,37.610092,0.939138
129.904299,37.802311,0.94208
130.043371,37.993256,0.941105
130.183127,38.184722,0.939493
130.323303,38.376168,0.938135
130.463835,38.567554,0.937365
130.604659,38.759273,0.937152
130.745535,38.951237,0.936466
130.885214,39.141315,0.935675
131.026273,39.332649,0.935465
131.167534,39.524191,0.93526
131.309258,39.715916,0.933444
131.451535,39.907625,0.931334
131.594068,40.098975,0.92981
131.736224,40.291253,0.931173
131.878132,40.481953,0.930594
132.020511,40.672913,0.929777
132.16298,40.86377,0.930184
132.303047,41.051886,0.931902
132.439865,41.236103,0.932723
132.576218,41.420228,0.931885
132.712216,41.603028,0.930322
132.849353,41.786826,0.928957
132.987179,41.971022,0.927904
133.125672,42.155582,0.9263
133.26503,42.340291,0.923319
133.405065,42.525299,0.922893
133.544206,42.710876,0.924433
133.683492,42.89588,0.92556
133.823029,43.081245,0.925481
133.962818,43.266901,0.925625
134.102622,43.452841,0.927424
134.242244,43.63955,0.930684
134.381849,43.827098,0.932041
134.520975,44.015092,0.93291
134.659517,44.201485,0.931982
134.798806,44.389032,0.932032
134.938355,44.576888,0.931808
135.078432,44.76506,0.930289
135.218816,44.953325,0.930077
135.358698,45.141444,0.930871
135.498403,45.330476,0.934131
135.637893,45.519329,0.935237
135.777352,45.708569,0.936137
135.916814,45.898091,0.936879
136.056421,46.087882,0.937112
136.196354,46.278173,0.936697
136.335975,46.468562,0.938076
136.475084,46.65763,0.938247
136.614,46.847453,0.938953
136.753246,47.037888,0.939909
136.892764,47.228811,0.939924
137.032435,47.420196,0.941114
137.171658,47.61141,0.942912
137.309712,47.8039,0.948643
137.447698,47.996579,0.951097
137.585034,48.189662,0.953872
137.722047,48.38329,0.956483
137.858621,48.577527,0.960041
137.995263,48.772931,0.96204
138.133847,48.972438,0.964295
138.268998,49.167852,0.965707
138.40132,49.358777,0.966655
138.536363,49.554997,0.969397
138.671249,49.75194,0.971312
138.806044,49.949561,0.973602
138.940333,50.147332,0.976228
139.072799,50.345675,0.981505
139.205851,50.54497,0.984283
139.33776,50.744105,0.987636
139.469201,50.944071,0.990872
139.600191,51.144654,0.99436
139.730932,51.346444,0.998335
139.860617,51.548681,1.002796
139.989345,51.75134,1.007419
140.117112,51.953424,1.011746
140.244004,52.157511,1.017045
140.370235,52.362751,1.022243
140.495628,52.569059,1.027515
140.619921,52.775816,1.032848
140.742225,52.983357,1.039061
140.864732,53.192156,1.043577
140.985575,53.400959,1.049253
141.10521,53.610702,1.055428
141.22372,53.821334,1.061671
141.341358,54.033345,1.06762
141.457467,54.245921,1.073697
141.572281,54.458823,1.07909
141.685591,54.671546,1.084739
141.797955,54.885234,1.09001
141.909656,55.100516,1.094516
142.020618,55.316648,1.099098
142.130402,55.533166,1.104118
142.238672,55.750553,1.111414
142.345479,55.965954,1.115513
142.447442,56.175331,1.120023
142.545046,56.378264,1.124628
142.638873,56.575323,1.12827
142.729364,56.766766,1.132294
142.816294,56.953082,1.135977
142.899872,57.134265,1.139394
142.980237,57.30948,1.142713
143.057366,57.479391,1.146103
143.131962,57.643708,1.148157
143.20399,57.804392,1.150694
143.274845,57.963505,1.152959
143.340571,58.111945,1.154983
143.405369,58.259077,1.156903
143.467374,58.401644,1.159289
143.527837,58.540508,1.160775
143.586347,58.674778,1.16356
143.642887,58.806141,1.166125
143.698398,58.935722,1.168203
143.750528,59.058472,1.170385
143.800836,59.177601,1.172178
143.849467,59.293496,1.174768
143.895461,59.403867,1.177312
143.94071,59.513318,1.180164
143.984336,59.619684,1.183068
144.026344,59.72319,1.187169
144.066609,59.823432,1.190213
144.10617,59.922771,1.193163
144.143599,60.01741,1.195228
144.178621,60.106869,1.200269
144.212854,60.19543,1.203316
144.246365,60.282721,1.205315
144.281158,60.374036,1.208378
144.316945,60.468601,1.209578
144.35444,60.568113,1.211603
144.393142,60.67146,1.213789
144.433118,60.779043,1.216104
144.475175,60.893029,1.218597
144.516726,61.00649,1.220896
144.560214,61.126131,1.223399
144.60473,61.249561,1.225925
144.650907,61.378529,1.227332
144.696192,61.505918,1.230062
144.743105,61.638988,1.233069
144.791289,61.775595,1.236022
144.83943,61.914712,1.239133
144.887965,62.056545,1.242909
144.937011,62.201577,1.246522
144.986507,62.349731,1.250157
145.036497,62.501149,1.253692
145.087004,62.655675,1.25717
145.138433,62.815589,1.260896
145.188039,62.971673,1.26508
145.238791,63.133611,1.268606
145.289705,63.297606,1.27113
145.340614,63.463398,1.272197
145.392045,63.630932,1.274145
145.44413,63.801298,1.273782
145.496761,63.973717,1.275701
145.549487,64.148109,1.278795
145.60333,64.32783,1.282014
145.654597,64.502568,1.284367
145.70732,64.683048,1.287831
145.761015,64.864978,1.290109
145.8135,65.048185,1.293935
145.865555,65.23316,1.298738
145.917186,65.420174,1.30407
145.969337,65.613049,1.309382
146.019031,65.800743,1.314265
146.069927,65.997165,1.319955
146.118077,66.187935,1.326427
146.173213,66.411216,1.330873
146.213906,66.579706,1.331423
146.261611,66.777585,1.337387
146.308517,66.977309,1.342314
146.354898,67.178609,1.346363
146.400701,67.381172,1.35047
146.445916,67.584391,1.351867
146.491157,67.789408,1.35458
146.535712,67.995014,1.357009
146.580215,68.201539,1.359827
146.624406,68.409365,1.36268
146.668366,68.618287,1.364365
146.712349,68.828496,1.365904
146.756088,69.039988,1.368862
146.798987,69.251967,1.373167
146.841091,69.465232,1.377866
146.885025,69.690404,1.377203
146.924183,69.891161,1.380231
146.965205,70.1059,1.383351
147.006122,70.321634,1.381936
147.047685,70.538159,1.381512
147.08887,70.754849,1.382409
147.130398,70.972918,1.383986
147.170652,71.191205,1.387009
147.211007,71.409932,1.389278
147.251215,71.629385,1.390083
147.291509,71.849655,1.390607
147.33177,72.070826,1.39148
147.371958,72.293105,1.393732
147.411155,72.51548,1.39809
147.44978,72.737849,1.399567
147.487714,72.960024,1.402027
147.525341,73.183548,1.405956
147.562215,73.407827,1.409372
147.598801,73.632925,1.408562
147.635959,73.858,1.407133
147.673023,74.084089,1.408138
147.7097,74.310235,1.410357
147.746009,74.536325,1.413632
147.781613,74.763239,1.416601
147.816731,74.990797,1.418814
147.851585,75.21895,1.420198
147.886175,75.448014,1.422094
147.920242,75.677376,1.423844
147.953491,75.906366,1.425489
147.98688,76.135672,1.427004
148.02007,76.366082,1.428442
148.05173,76.587962,1.429968
148.084367,76.819769,1.431823
148.116053,77.046934,1.4328
148.147541,77.275771,1.432729
148.178225,77.498959,1.434781
148.209159,77.727291,1.43762
148.239573,77.956352,1.439908
148.269598,78.186006,1.441771
148.299441,78.416128,1.442266
148.329095,78.647088,1.44422
148.358065,78.878445,1.447196
148.386805,79.108304,1.449077
148.414929,79.33987,1.45068
148.447183,79.609141,1.452326
148.470486,79.804659,1.450925
148.498858,80.037784,1.449176
148.527247,80.270565,1.449508
148.555975,80.504973,1.448133
148.584393,80.737367,1.449997
148.612286,80.969213,1.451789
148.639124,81.194531,1.452627
148.665134,81.414706,1.454134
148.690984,81.63543,1.455588
148.716479,81.856761,1.456254
148.742153,82.078464,1.456427
148.767584,82.299517,1.456743
148.793076,82.52225,1.456941
148.818535,82.745752,1.457735
148.84385,82.970098,1.459069
148.868962,83.195124,1.460226
148.893673,83.419911,1.461496
148.918136,83.646612,1.464235
148.94231,83.87175,1.46379
148.96663,84.098178,1.46381
148.990989,84.325366,1.464158
149.015317,84.553247,1.464537
149.039745,84.781764,1.465172
149.063914,85.010896,1.46561
149.088013,85.239604,1.466196
149.112303,85.473156,1.466543
149.136347,85.703386,1.466947
149.160155,85.932602,1.467439
149.183212,86.155568,1.46795
149.205478,86.371847,1.46843
149.226228,86.577255,1.468885
149.24644,86.78198,1.469833
149.266502,86.979018,1.468977
149.286829,87.178089,1.469307
149.305323,87.359977,1.469598
149.32374,87.540243,1.469013
149.341251,87.711565,1.468952
149.3586,87.881139,1.468796
149.375584,88.045996,1.468234
149.392288,88.208644,1.467285
149.407692,88.359542,1.467255
149.423636,88.512594,1.465247
149.438877,88.655072,1.463661
149.454284,88.797529,1.462528
149.470123,88.942609,1.461648
149.486378,89.090485,1.461025
149.503043,89.241417,1.460739
149.520011,89.395394,1.46151
149.537495,89.555584,1.46264
149.554698,89.718412,1.4636
149.571359,89.873834,1.464636
149.588898,90.037308,1.466141
149.606282,90.20374,1.46727
149.623779,90.372671,1.468738
149.641228,90.544267,1.47059
149.658932,90.722007,1.472525
149.676179,90.898727,1.474489
149.693396,91.078002,1.475889
149.710422,91.258614,1.477263
149.727218,91.441049,1.478746
149.743663,91.620284,1.479722
149.760569,91.80621,1.480671
149.77766,91.994157,1.480309
149.794855,92.184028,1.48121
149.811948,92.375589,1.482407
149.828953,92.568769,1.483577
149.84597,92.763506,1.48506
149.861268,92.960016,1.48837
149.877388,93.156481,1.490149
149.893324,93.354854,1.491226
149.909087,93.554573,1.493735
149.924323,93.755854,1.497413
149.939056,93.958846,1.499886
149.95353,94.163682,1.501679
149.967561,94.369271,1.502996
149.981186,94.575962,1.504647
149.994977,94.782224,1.50556
150.00878,94.995058,1.506548
150.02236,95.205113,1.506446
150.035962,95.416411,1.507135
150.049121,95.624508,1.50816
150.062381,95.837769,1.509392
150.074105,96.052363,1.513703
150.085887,96.265281,1.517699
150.097366,96.477982,1.518985
150.108523,96.697386,1.520957
150.119125,96.913552,1.522998
150.129234,97.130695,1.526205
150.138835,97.34932,1.528313
150.147707,97.568576,1.530897
150.155957,97.781301,1.533655
150.16578,97.998429,1.53678
150.174085,98.219767,1.539026
150.180991,98.444804,1.541261
150.187162,98.66212,1.54383
150.192933,98.88496,1.546629
150.197715,99.108007,1.549612
150.202033,99.336781,1.553539
150.205758,99.560863,1.555853
150.20878,99.781441,1.558251
150.211392,100.007297,1.560618
150.21346,100.233897,1.563241
150.214939,100.461847,1.565822
150.215549,100.689806,1.568953
150.215653,100.922017,1.572245
150.215347,101.149637,1.574864
150.214179,101.378921,1.576869
150.212561,101.609018,1.579725
150.210062,101.839824,1.583513
150.206808,102.075946,1.58556
150.203115,102.298034,1.586042
150.199397,102.5297,1.588405
150.194784,102.761379,1.592595
150.189303,102.993735,1.596051
150.183107,103.22655,1.599364
150.17611,103.459955,1.602713
150.168404,103.694094,1.605582
150.159448,103.937882,1.60824
150.150956,104.160999,1.610413
150.141534,104.395172,1.612117
150.131857,104.626101,1.613432
150.122321,104.850059,1.614031
150.11281,105.067197,1.615171
150.103468,105.27739,1.616317
150.093047,105.485796,1.62009
150.083414,105.684129,1.621684
150.073533,105.87599,1.622725
150.063788,106.062116,1.623479
150.054305,106.242773,1.624085
150.044975,106.418013,1.624755
150.03592,106.58464,1.625536
150.026793,106.750053,1.626849
150.017621,106.909832,1.629213
150.008326,107.065214,1.631589
149.999153,107.215014,1.633188
149.990312,107.359954,1.636123
149.980866,107.500875,1.639305
149.971333,107.637323,1.641791
149.961737,107.76993,1.644297
149.951697,107.904164,1.6465
149.941107,108.042005,1.648565
149.929897,108.183384,1.651064
149.918093,108.328223,1.653227
149.905493,108.475686,1.655275
149.892494,108.626715,1.657392
149.878885,108.782241,1.659815
149.864839,108.937406,1.663238
149.849955,109.095455,1.666898
149.834202,109.25637,1.670276
149.817592,109.42013,1.673417
149.800568,109.583208,1.676143
149.782467,109.752192,1.678998
149.763701,109.923392,1.681403
149.744059,110.096746,1.683566
149.72414,110.271837,1.685849
149.703734,110.447529,1.688388
149.682523,110.626639,1.689491
149.661204,110.804207,1.691135
149.638465,110.991024,1.692679
149.615653,111.175936,1.694612
149.592185,111.362629,1.697054
149.568048,111.550646,1.699712
149.542528,111.740875,1.703017
149.516751,111.932564,1.705569
149.490458,112.124833,1.708424
149.462806,112.322795,1.711441
149.434831,112.518619,1.714597
149.405995,112.716137,1.717652
149.376318,112.915541,1.720764
149.346196,113.111982,1.724219
149.314449,113.31385,1.728503
149.282141,113.515592,1.730661
149.249254,113.718766,1.732464
149.215589,113.923995,1.734731
149.181129,114.130545,1.737476
149.145908,114.338294,1.739955
149.110004,114.547109,1.742135
149.073578,114.75619,1.74235
149.036399,114.967538,1.744945
148.999005,115.178148,1.747093
148.961121,115.390157,1.748317
148.922876,115.603215,1.749328
148.884067,115.81743,1.751312
148.844638,116.033008,1.753674
148.804272,116.24908,1.756485
148.762161,116.470471,1.760228
148.721264,116.681818,1.764043
148.67769,116.902297,1.768085
148.635314,117.112389,1.771752
148.593452,117.316183,1.775119
148.553003,117.509789,1.778451
148.512395,117.701329,1.7808
148.472282,117.88668,1.7826
148.433093,118.067769,1.783578
148.395779,118.242373,1.785175
148.35799,118.414903,1.787601
148.322475,118.57548,1.789878
148.286296,118.73765,1.791517
148.251581,118.891853,1.792958
148.217684,119.041424,1.794382
148.185231,119.183984,1.795618
148.152908,119.324656,1.797139
148.121221,119.461642,1.79854
148.090584,119.593881,1.799582
148.060628,119.721452,1.799608
148.031556,119.846281,1.799965
148.002438,119.970937,1.800423
147.972422,120.099401,1.80036
147.941427,120.23178,1.801131
147.909431,120.368061,1.801828
147.876389,120.508162,1.802959
147.842281,120.65202,1.804302
147.80727,120.79932,1.805562
147.770756,120.949685,1.806435
147.733559,121.104004,1.807773
147.695382,121.262478,1.809637
147.656592,121.421388,1.811756
147.616632,121.583377,1.814225
147.576276,121.745084,1.816474
147.532976,121.916782,1.819268
147.490097,122.084787,1.822126
147.445118,122.259061,1.82487
147.398944,122.435468,1.827929
147.351503,122.61445,1.831359
147.302346,122.797843,1.83525
147.253363,122.977441,1.838748
147.200958,123.167101,1.841906
147.149419,123.351611,1.844379
147.095717,123.542048,1.847177
147.040786,123.734398,1.850697
146.984409,123.927938,1.854586
146.926493,124.12505,1.858294
146.868277,124.321597,1.86121
146.808646,124.520219,1.863673
146.747994,124.720554,1.866753
146.686013,124.922726,1.870189
146.622764,125.126639,1.872974
146.558306,125.33246,1.876025
146.492519,125.539413,1.880236
146.426383,125.745657,1.883044
146.361304,125.945535,1.883524
146.298132,126.140086,1.886179
146.236346,126.328683,1.887307
146.176464,126.51148,1.88802
146.117977,126.688371,1.892824
146.06055,126.859516,1.896846
146.003755,127.025387,1.900061
145.948219,127.187135,1.903552
145.894868,127.342346,1.904695
145.842502,127.492944,1.906245
145.791557,127.638653,1.908689
145.741718,127.779918,1.910941
145.693133,127.916903,1.912391
145.645785,128.049764,1.913764
145.598235,128.182639,1.915203
145.544186,128.332909,1.916785
145.497539,128.462009,1.918235
145.444052,128.609177,1.920195
145.391734,128.752339,1.922047
145.334466,128.908807,1.924045
145.280778,129.053897,1.925905
145.222057,129.211752,1.927994
145.161711,129.372912,1.930214
145.099625,129.537563,1.932568
145.03581,129.705576,1.934995
144.970494,129.876337,1.93699
144.903053,130.050814,1.939161
144.834709,130.226543,1.942368
144.76525,130.404813,1.94565
144.693771,130.58591,1.947993
144.620757,130.769703,1.950603
144.546016,130.956116,1.953597
144.469555,131.145181,1.956619
144.391478,131.336771,1.959516
144.311737,131.530255,1.962637
144.230948,131.724231,1.965694
144.148487,131.921238,1.968864
144.06258,132.124525,1.972305
143.978297,132.32212,1.975602
143.890659,132.52573,1.978919
143.801425,132.731156,1.982292
143.710671,132.93777,1.98573
143.618157,133.146478,1.989398
143.525026,133.355294,1.992384
143.429902,133.566453,1.995542
143.331235,133.783629,1.998908
143.234956,133.993675,2.002199
143.135103,134.209788,2.005266
143.03394,134.426739,2.008506
142.932292,134.643808,2.011438
142.828744,134.862776,2.013375
142.724114,135.083227,2.014378
142.618617,135.305157,2.0146
142.512369,135.528662,2.013968
142.405949,135.753031,2.013206
142.298511,135.979529,2.012963
142.191181,136.205196,2.015977
142.082311,136.432495,2.018584
141.972351,136.660969,2.020008
141.861519,136.89061,2.021303
141.749675,137.121433,2.023241
141.63698,137.352549,2.025276
141.523257,137.583457,2.027875
141.408401,137.816056,2.031045
141.292197,138.049532,2.034102
141.174735,138.283854,2.036808
141.056111,138.519114,2.039269
140.936634,138.755469,2.042586
140.816471,138.989442,2.047002
140.694692,139.224994,2.04938
140.571996,139.460755,2.052059
140.451388,139.69076,2.055271
140.333693,139.914033,2.057138
140.219562,140.129931,2.058377
140.107105,140.339383,2.059235
139.998798,140.542953,2.059997
139.893628,140.740452,2.060747
139.789331,140.9358,2.062169
139.687675,141.125578,2.063822
139.584452,141.317438,2.065302
139.481908,141.507659,2.06574
139.376853,141.701678,2.066662
139.270459,141.896781,2.072701
139.161859,142.094144,2.07471
139.051982,142.293319,2.075229
138.940989,142.494325,2.07632
138.828444,142.697451,2.077889
138.714974,142.90146,2.079803
138.599455,143.105677,2.081877
138.482848,143.313145,2.083737
138.364712,143.522674,2.084452
138.245234,143.734384,2.085587
138.124141,143.947902,2.087878
138.001891,144.163765,2.087616
137.879647,144.379609,2.086963
137.757082,144.595818,2.087296
137.632329,144.814084,2.09201
137.503194,145.038013,2.095543
137.377559,145.254452,2.097721
137.247951,145.476873,2.099492
137.117892,145.698455,2.101542
136.985767,145.92124,2.103555
136.853654,146.145947,2.101083
136.721396,146.372329,2.097954
136.586505,146.605023,2.094406
136.456482,146.830495,2.094266
136.321284,147.065972,2.094546
136.191501,147.290607,2.089366
136.059065,147.52262,2.089297
135.925992,147.755888,2.089075
135.792363,147.9904,2.088316
135.65818,148.226651,2.087506
135.523864,148.461422,2.089961
135.388374,148.698049,2.09119
135.252738,148.935765,2.088496
135.117833,149.172811,2.088325
134.986437,149.402838,2.091916
134.858003,149.626494,2.094055
134.73122,149.847918,2.091858
134.612683,150.054329,2.091122
134.495001,150.258739,2.094518
134.380426,150.456662,2.096796
134.268862,150.648306,2.098973
134.160103,150.834586,2.100355
134.054324,151.014705,2.103147
133.950045,151.191316,2.109909
133.849044,151.360107,2.111601
133.750638,151.52279,2.119869
133.65429,151.679847,2.122691
133.560335,151.8317,2.12719
133.470627,151.975622,2.129279
133.381565,152.117667,2.13191
133.294799,152.255428,2.133389
133.211069,152.389108,2.133379
133.129666,152.517894,2.135269
133.050938,152.642699,2.137453
132.969757,152.77051,2.135267
132.889036,152.89794,2.134643
132.803917,153.032731,2.133474
132.715979,153.172229,2.132928
132.625304,153.316319,2.132153
132.531931,153.465088,2.131496
132.436259,153.617179,2.131743
132.338565,153.772187,2.13242
132.236973,153.933981,2.132528
132.134737,154.096772,2.131002
132.030231,154.263276,2.132857
131.923184,154.433084,2.134027
131.81396,154.606544,2.132226
131.705064,154.780181,2.129843
131.592558,154.961091,2.128191
131.478813,155.144485,2.125897
131.363391,155.33025,2.127418
131.245431,155.520007,2.126256
131.125863,155.713307,2.123068
131.002506,155.914105,2.120192
130.882426,156.110829,2.11799
130.758334,156.314211,2.11791
130.634058,156.518117,2.119361
130.50749,156.725792,2.116374
130.379983,156.936654,2.113082
130.251512,157.150624,2.110253
130.121885,157.367473,2.109837
129.990724,157.587119,2.10888
129.859964,157.807506,2.106615
129.724574,158.035065,2.109007
129.592483,158.256013,2.110047
129.456226,158.483744,2.109732
129.318723,158.713997,2.107854
129.180149,158.946713,2.107903
129.041187,159.178816,2.113051
128.900577,159.412095,2.113794
128.758252,159.647818,2.114808
128.614362,159.885308,2.116035
128.466021,160.129512,2.118495
128.318348,160.36937,2.122832
128.169714,160.610353,2.124791
128.019679,160.853088,2.12393
127.868872,161.097813,2.122108
127.720464,161.339592,2.120966
127.567875,161.588185,2.12156
127.414872,161.83642,2.125254
127.260528,162.085223,2.127904
127.10403,162.335851,2.130452
126.945806,162.587613,2.133161
126.78611,162.840418,2.135983
126.624907,163.093347,2.138324
126.459618,163.351932,2.142218
126.299301,163.599622,2.148127
126.134093,163.851758,2.153386
125.967272,164.103756,2.158557
125.799242,164.3542,2.165214
125.630684,164.602436,2.173128
125.459377,164.850263,2.179678
125.285985,165.097117,2.186417
125.110834,165.343175,2.192792
124.931342,165.592323,2.19876
124.756574,165.831863,2.205471
124.577212,166.074029,2.211092
124.396524,166.315231,2.216241
124.214387,166.556035,2.221154
124.031362,166.795098,2.227292
123.847369,167.032403,2.232133
123.664038,167.267735,2.241439
123.476968,167.50265,2.245685
123.28851,167.736142,2.253962
123.098643,167.968162,2.260796
122.906585,168.19907,2.267856
122.713046,168.428622,2.275657
122.518092,168.656095,2.282971
122.321536,168.882203,2.289945
122.123259,169.107207,2.296353
121.924365,169.33056,2.3003
121.725605,169.551954,2.305617
121.525724,169.772908,2.312745
121.323319,169.992606,2.319012
121.119537,170.210718,2.327514
120.91402,170.427252,2.332234
120.705964,170.643169,2.342683
120.497145,170.855865,2.351024
120.286769,171.06715,2.356859
120.075168,171.277455,2.362112
119.862821,171.486478,2.365947
119.649916,171.69466,2.369092
119.438695,171.900436,2.376344
119.22443,172.10715,2.383643
119.008018,172.311279,2.388227
118.790537,172.513928,2.394728
118.572046,172.715672,2.397989
118.350899,172.916847,2.408132
118.130097,173.113906,2.418759
117.906988,173.308607,2.429013
117.685028,173.498763,2.437427
117.4687,173.681481,2.442847
117.258325,173.857243,2.448242
117.050615,174.028891,2.454489
116.849016,174.193404,2.462653
116.652553,174.350846,2.469371
116.461039,174.502381,2.47514
116.274272,174.648363,2.481317
116.09582,174.786228,2.488816
115.920335,174.919087,2.496839
115.743553,175.051457,2.500305
115.575238,175.176679,2.503948
115.411173,175.297678,2.508305
115.24548,175.418427,2.515476
115.076755,175.539359,2.523968
114.900785,175.66305,2.533068
114.728779,175.782222,2.538333
114.548725,175.906265,2.539263
114.372357,176.026833,2.54541
114.189114,176.150315,2.550594
114.003092,176.274986,2.550414
113.815305,176.400642,2.550114
113.624822,176.528261,2.551801
113.432264,176.657798,2.553849
113.237233,176.787195,2.557099
113.039631,176.91737,2.561258
112.839269,177.048372,2.563901
112.636099,177.180435,2.567107
112.429973,177.313044,2.572258
112.220871,177.445739,2.579335
112.009712,177.578473,2.582949
111.796792,177.710992,2.585366
111.57623,177.847272,2.590265
111.361641,177.978695,2.59368
111.140471,178.113653,2.593396
110.917484,178.249303,2.594687
110.691943,178.385278,2.597788
110.465128,178.521617,2.602056
110.235528,178.658334,2.607025
110.003217,178.795166,2.611644
109.767988,178.932583,2.615604
109.530995,179.069708,2.618565
109.287588,179.210117,2.619013
109.047885,179.34732,2.619635
108.805757,179.485983,2.623106
108.55663,179.627813,2.62483
108.315702,179.76474,2.625636
108.073571,179.902389,2.622444
107.824847,180.044202,2.622255
107.575689,180.186122,2.625052
107.324521,180.328516,2.626627
107.071642,180.471394,2.627867
106.817091,180.61526,2.627658
106.561271,180.759488,2.628684
106.300914,180.906062,2.628609
106.042913,181.051255,2.629517
105.788505,181.19403,2.630808
105.52733,181.34021,2.631609
105.265286,181.487443,2.628365
105.0024,181.635276,2.627824
104.738984,181.783434,2.630788
104.473873,181.931548,2.633189
104.207262,182.079826,2.634778
103.93919,182.228571,2.63587
103.671493,182.376867,2.636807
103.402522,182.525062,2.638306
103.131668,182.673854,2.639779
102.859547,182.822948,2.641014
102.586695,182.972254,2.641925
102.311321,183.123067,2.639323
102.038672,183.272386,2.638795
101.764088,183.423249,2.639639
101.488471,183.574316,2.640797
101.211576,183.725726,2.642193
100.934807,183.877086,2.641621
100.653729,184.029672,2.640742
100.389871,184.173754,2.641955
100.12915,184.316192,2.640941
99.876251,184.454459,2.641148
99.629239,184.589197,2.64011
99.390346,184.719722,2.642506
99.158477,184.845264,2.64749
98.933327,184.966385,2.648192
98.714927,185.083633,2.649969
98.502248,185.197459,2.651502
98.296224,185.30695,2.65452
98.096478,185.412099,2.65648
97.901719,185.514438,2.655676
97.713363,185.614164,2.653804
97.530755,185.711207,2.65206
97.353933,185.805591,2.650546
97.182702,185.897296,2.649351
97.017125,185.986321,2.648463
96.854653,186.072681,2.646783
96.696073,186.157946,2.648732
96.547844,186.237589,2.649926
96.401171,186.316176,2.650166
96.258789,186.392436,2.650822
96.120492,186.466293,2.651383
95.986265,186.537869,2.651983
95.855992,186.607247,2.652483
95.72931,186.674695,2.652539
95.606727,186.739802,2.652478
95.485156,186.804457,2.652757
95.370756,186.865403,2.651901
95.258738,186.925062,2.65123
95.147726,186.984351,2.651225
95.028354,187.047997,2.652553
94.902933,187.114547,2.655182
94.771228,187.183914,2.658291
94.633304,187.256097,2.660589
94.489348,187.331,2.662986
94.339507,187.408556,2.664916
94.184495,187.487751,2.666949
94.024394,187.56915,2.669429
93.86113,187.652718,2.669594
93.692223,187.738891,2.670285
93.51837,187.827541,2.670594
93.339609,187.918591,2.670914
93.156033,188.011965,2.671239
92.967533,188.107842,2.671443
92.77561,188.205275,2.671731
92.580269,188.304267,2.672426
92.381804,188.405036,2.672595
92.178403,188.5081,2.672616
91.970949,188.613229,2.672987
91.759549,188.720246,2.673376
91.544493,188.828991,2.673741
91.326141,188.938613,2.672572
91.107864,189.049341,2.672077
90.895434,189.157229,2.671094
90.689644,189.262212,2.669067
90.490157,189.364232,2.66851
90.296782,189.463313,2.66838
90.10851,189.559813,2.669047
89.925694,189.652914,2.670415
89.749537,189.742687,2.672652
89.577507,189.829591,2.672797
89.410538,189.914196,2.673665
89.248389,189.995975,2.67481
89.091136,190.075325,2.674191
88.938713,190.152165,2.674762
88.791022,190.226654,2.674637
88.648008,190.298758,2.675079
88.507742,190.368224,2.675168
88.372832,190.435907,2.675711
88.241784,190.501874,2.675319
88.114812,190.565951,2.67448
87.991779,190.627992,2.674489
87.872469,190.688213,2.673697
87.751675,190.749291,2.673366
87.624264,190.813773,2.672869
87.490471,190.881546,2.672568
87.348177,190.953572,2.673298
87.206184,191.02537,2.673566
87.053221,191.102735,2.673433
86.89955,191.180495,2.676338
86.743884,191.259009,2.672538
86.5802,191.342195,2.670356
86.412009,191.428168,2.666941
86.239675,191.516987,2.664966
86.062907,191.608245,2.665227
85.882066,191.701824,2.663822
85.697381,191.796787,2.662731
85.510141,191.894376,2.661333
85.315095,191.995915,2.662114
85.12389,192.095264,2.663462
84.916743,192.202463,2.665094
84.721805,192.3029,2.666624
84.515,192.40909,2.667766
84.305614,192.516293,2.669271
84.093854,192.624631,2.670423
83.878704,192.733847,2.672368
83.659609,192.844651,2.67437
83.43705,192.956664,2.676386
83.211212,193.069801,2.678217
82.978711,193.185214,2.681528
82.752087,193.296781,2.683971
82.519047,193.41142,2.685242
82.28351,193.526768,2.687011
82.045452,193.642825,2.689057
81.804831,193.759695,2.690978
81.562431,193.876613,2.693314
81.313536,193.995714,2.696314
81.072904,194.110636,2.699018
80.824194,194.228054,2.701945
80.568045,194.348065,2.705156
80.315259,194.465708,2.708497
80.065853,194.580047,2.712684
79.808395,194.69722,2.715704
79.550117,194.813825,2.719789
79.289647,194.930029,2.724021
79.026803,195.046192,2.72737
78.757387,195.163883,2.73194
78.491663,195.278503,2.736788
78.225883,195.392536,2.740455
77.956833,195.505927,2.745014
77.685815,195.618765,2.749247
77.419379,195.728397,2.753974
77.13514,195.843546,2.75965
76.870784,195.948735,2.76509
76.596683,196.056225,2.770859
76.323129,196.161723,2.776034
76.049939,196.265536,2.781497
75.778102,196.366867,2.788417
75.506902,196.46581,2.795501
75.238685,196.562123,2.801547
74.971223,196.655875,2.807279
74.706452,196.747102,2.813224
74.444779,196.835528,2.818051
74.186088,196.921346,2.825206
73.929045,197.004337,2.833077
73.670308,197.085915,2.838818
73.419525,197.163648,2.842993
73.16557,197.241437,2.84655
72.923248,197.314661,2.849656
72.677424,197.388278,2.851561
72.432146,197.461077,2.854973
72.19378,197.531107,2.861883
71.948456,197.601104,2.867518
71.683139,197.674562,2.875667
71.452196,197.737051,2.87944
71.206408,197.802254,2.885968
70.959981,197.865671,2.892944
70.712821,197.927695,2.898943
70.466805,197.987934,2.903799
70.220747,198.047254,2.906733
69.979792,198.104442,2.909997
69.734051,198.161985,2.914299
69.488343,198.218228,2.918651
69.242701,198.273195,2.923479
68.99859,198.327569,2.930286
68.752255,198.37969,2.936543
68.505651,198.430323,2.941802
68.258742,198.479687,2.94666
68.011982,198.527391,2.955158
67.763957,198.573314,2.961837
67.511174,198.618399,2.968547
67.268626,198.659927,2.975448
67.020571,198.700886,2.980344
66.772139,198.740615,2.985332
66.523317,198.779292,2.989889
66.27394,198.816856,2.994456
66.025161,198.853057,2.999913
65.775671,198.888035,3.005441
65.51942,198.922412,3.011093
65.272845,198.954092,3.016969
65.020752,198.984792,3.023025
64.768153,199.014666,3.027284
64.508516,199.043762,3.03305
64.260475,199.070021,3.03903
64.006978,199.095355,3.044604
63.748004,199.119969,3.048717
63.4988,199.1427,3.052348
63.244281,199.164924,3.057302
62.989281,199.185754,3.062799
62.735611,199.205312,3.069003
62.479705,199.223153,3.075058
62.222991,199.239448,3.081041
61.966108,199.254192,3.087187
61.708749,199.267605,3.093272
61.450634,199.279595,3.098841
61.191579,199.289893,3.104178
60.933565,199.298765,3.109986
60.675241,199.306251,3.114545
60.416476,199.312643,3.119444
60.157358,199.317554,3.125448
59.898154,199.321013,3.131443
59.63963,199.322984,3.137576
59.38587,199.323398,-3.139623
59.139212,199.322075,-3.133586
58.900039,199.319596,-3.127973
58.667528,199.315728,-3.122528
58.442321,199.310742,-3.117029
58.22308,199.305512,-3.112122
58.009668,199.298669,-3.107386
57.803196,199.291113,-3.102729
57.596474,199.282661,-3.098877
57.387965,199.273332,-3.09505
57.177562,199.263143,-3.091241
56.965904,199.252047,-3.08727
56.752366,199.239983,-3.083882
56.53778,199.22755,-3.083623
56.323126,199.215072,-3.086252
56.106319,199.202727,-3.083474
55.887733,199.189953,-3.082458
55.667544,199.176873,-3.082136
55.446714,199.163913,-3.085635
55.223964,199.15153,-3.086749
54.986718,199.138838,-3.08675
54.775172,199.127072,-3.086077
54.549035,199.114469,-3.085651
54.321526,199.101873,-3.086307
54.092589,199.089128,-3.085593
53.861995,199.076071,-3.084363
53.630573,199.062474,-3.081528
53.397736,199.048171,-3.079831
53.165301,199.033836,-3.082809
52.931613,199.019901,-3.081629
52.696036,199.005608,-3.080511
52.45876,198.991187,-3.082263
52.220588,198.977261,-3.086191
51.980562,198.963998,-3.087312
51.73865,198.951979,-3.08909
51.498093,198.939445,-3.089744
51.252251,198.926543,-3.090138
51.014256,198.914276,-3.090238
50.765569,198.901244,-3.08835
50.525538,198.887901,-3.083837
50.279365,198.873198,-3.081103
50.032914,198.858592,-3.08161
49.786864,198.840634,-3.083295
49.532821,198.825633,-3.08476
49.292854,198.811978,-3.084864
49.036346,198.797196,-3.083881
48.783382,198.782453,-3.08338
48.528829,198.767463,-3.082692
48.272739,198.752334,-3.082521
48.014843,198.737069,-3.082431
47.74981,198.721365,-3.08236
47.493258,198.706063,-3.081607
47.22963,198.690129,-3.080834
46.953561,198.673234,-3.08014
46.691673,198.657108,-3.08034
46.422722,198.64066,-3.080641
46.157535,198.624537,-3.081045
45.879889,198.607736,-3.081235
45.600622,198.590858,-3.081189
45.336346,198.574869,-3.081142
45.054071,198.557776,-3.081088
44.781472,198.541254,-3.081026
44.501949,198.524296,-3.080972
44.221093,198.507247,-3.080962
43.938947,198.49012,-3.080964
43.655551,198.472915,-3.080953
43.370944,198.455635,-3.080953
43.085163,198.438285,-3.080958
42.798246,198.420865,-3.080947
42.510229,198.403376,-3.080944
42.215289,198.385468,-3.080951
41.930585,198.368181,-3.080942
41.638671,198.350453,-3.080937
41.345302,198.332637,-3.080943
41.050485,198.314734,-3.080936
40.754266,198.296743,-3.080929
40.456688,198.27867,-3.080935
40.157794,198.260517,-3.080929
39.851608,198.241918,-3.080921
39.556219,198.223975,-3.080927
39.253617,198.205595,-3.080922
38.949856,198.187141,-3.080913
38.644971,198.168619,-3.08092
38.338998,198.150032,-3.080915
38.031971,198.131377,-3.080907
37.723923,198.112661,-3.080914
37.414885,198.093886,-3.080908
37.104888,198.075049,-3.080901
36.793963,198.056157,-3.080909
36.482138,198.03721,-3.080902
36.131861,198.015924,-3.080897
35.855901,197.999155,-3.080904
35.541542,197.980052,-3.080895
35.231517,197.961212,-3.080894
34.930935,197.94295,-3.080957
34.639509,197.925287,-3.081191
34.35695,197.908257,-3.081644
34.08298,197.891894,-3.082248
33.81733,197.876187,-3.082795
33.559157,197.86104,-3.08315
33.300754,197.845944,-3.083307
33.039809,197.830726,-3.083357
32.776402,197.815368,-3.08334
32.510611,197.799863,-3.083305
32.242509,197.784212,-3.083251
31.961312,197.767776,-3.083169
31.699665,197.752461,-3.083081
31.419547,197.736038,-3.082984
31.148408,197.720117,-3.082894
30.869722,197.703727,-3.082812
30.589061,197.687202,-3.082749
30.306487,197.670546,-3.082689
30.022059,197.653764,-3.082633
29.735834,197.636873,-3.08271
29.447865,197.619965,-3.083307
29.1582,197.603217,-3.08444
28.866884,197.58676,-3.08595
28.573957,197.5707,-3.087721
28.279468,197.555092,-3.089567
27.983466,197.539952,-3.091423
27.685997,197.525296,-3.0933
27.387108,197.511126,-3.09513
27.086845,197.497438,-3.096974
26.785249,197.484269,-3.098965
26.482362,197.471668,-3.101069
26.172128,197.459418,-3.103237
25.866734,197.448025,-3.105103
25.566801,197.437189,-3.105709
25.254732,197.425972,-3.105508
24.955072,197.415084,-3.105008
24.649608,197.403816,-3.104438
24.344703,197.3924,-3.103913
24.040516,197.380862,-3.103462
23.73726,197.369234,-3.103089
23.435038,197.357546,-3.102804
23.133831,197.345826,-3.10262
22.833607,197.334105,-3.102538
22.534336,197.322406,-3.102509
22.236038,197.310741,-3.102505
21.938699,197.299112,-3.102507
21.642287,197.287522,-3.102508
21.346775,197.275991,-3.102873
21.052127,197.264756,-3.104231
20.758309,197.254061,-3.106308
20.465292,197.244091,-3.108943
20.167208,197.234803,-3.111976
19.875717,197.22661,-3.11503
19.590755,197.219473,-3.118086
19.294874,197.212987,-3.121271
19.011261,197.207649,-3.12425
18.722504,197.202977,-3.126317
18.434387,197.198744,-3.127339
18.146901,197.194713,-3.127729
17.860029,197.19074,-3.127708
17.573754,197.186744,-3.127541
17.288056,197.182698,-3.12732
17.002918,197.178595,-3.127094
16.718323,197.174439,-3.126893
16.434254,197.17024,-3.126736
16.150694,197.166009,-3.126622
15.867627,197.161761,-3.12656
15.585038,197.157511,-3.126552
15.302912,197.153267,-3.126555
15.021233,197.149031,-3.126549
14.7399,197.144798,-3.12655
14.458536,197.140566,-3.126555
14.177047,197.136338,-3.126626
13.895436,197.13216,-3.126946
13.613705,197.128126,-3.1277
13.331861,197.124378,-3.128973
13.049905,197.121044,-3.130633
12.767804,197.118214,-3.132496
12.485523,197.115873,-3.133982
12.203071,197.11386,-3.134862
11.920456,197.112033,-3.135341
11.637622,197.110315,-3.135721
11.354637,197.108655,-3.136141
11.071747,197.107172,-3.136407
10.78884,197.105785,-3.136036
10.505401,197.104125,-3.135771
10.221982,197.102428,-3.135693
9.938508,197.100804,-3.13616
9.655075,197.099389,-3.137281
9.371331,197.098138,-3.137155
9.081461,197.097013,-3.137155
8.797631,197.095622,-3.137124
8.513546,197.094325,-3.136981
8.22935,197.093019,-3.136946
7.950737,197.091719,-3.136909
7.666327,197.09038,-3.136888
7.381697,197.089042,-3.136898
7.096697,197.087708,-3.136909
6.811123,197.08637,-3.13691
6.524739,197.085028,-3.136911
6.237426,197.083684,-3.136913
5.949148,197.082335,-3.136912
5.659929,197.08098,-3.136912
5.3698,197.079623,-3.136915
5.07879,197.078262,-3.136913
4.781078,197.076868,-3.136913
4.494231,197.075526,-3.136916
4.200732,197.074153,-3.136915
3.906403,197.072776,-3.136914
3.611255,197.071395,-3.136917
3.315313,197.070012,-3.136917
3.018601,197.068624,-3.136915
2.721145,197.067233,-3.136918
2.422966,197.065839,-3.136918
2.118104,197.064414,-3.136916
1.824533,197.063041,-3.136919
1.524322,197.061638,-3.136919
1.223414,197.060235,-3.136977
0.921857,197.058888,-3.136898
0.619973,197.057459,-3.13696
0.317702,197.055986,-3.136983
0.014409,197.05459,-3.136736
-0.289253,197.053108,-3.1366
-0.593354,197.051613,-3.137009
-0.897753,197.050386,-3.1371
-1.203023,197.048905,-3.136943
-1.51482,197.047416,-3.136444
-1.814135,197.045879,-3.136529
-2.112486,197.04437,-3.136492
-2.401746,197.042883,-3.136417
-2.682202,197.041406,-3.136214
-2.954127,197.039902,-3.135865
-3.217785,197.038339,-3.135481
-3.473436,197.036734,-3.135187
-3.721331,197.035128,-3.135059
-3.961712,197.033557,-3.135068
-4.194811,197.03204,-3.13511
-4.420858,197.030575,-3.135115
-4.640074,197.029152,-3.135058
-4.85267,197.02775,-3.134932
-5.062913,197.026335,-3.134796
-5.258824,197.024993,-3.134711
-5.452776,197.023656,-3.134693
-5.640899,197.022361,-3.134736
-5.823373,197.021117,-3.134816
-6.000375,197.019924,-3.134891
-6.172076,197.018777,-3.134931
-6.338642,197.017669,-3.134936
-6.500233,197.016591,-3.134905
-6.657003,197.015539,-3.134853
-6.809104,197.01451,-3.134803
-6.956681,197.013505,-3.134769
-7.099876,197.012527,-3.134758
-7.238825,197.011577,-3.134763
-7.373661,197.010657,-3.134784
-7.504513,197.009768,-3.134812
-7.631504,197.008909,-3.13484
-7.754756,197.008078,-3.13486
-7.874384,197.007273,-3.134869
-7.990503,197.006493,-3.134871
-8.103222,197.005735,-3.134867
-8.212646,197.004998,-3.134858
-8.31888,197.004282,-3.134847
-8.422021,197.003586,-3.134836
-8.522168,197.002909,-3.134828
-8.624356,197.002217,-3.134821
-8.733718,197.001476,-3.134816
-8.850086,197.000687,-3.134809
-8.973257,196.999851,-3.134802
-9.105729,196.998951,-3.134792
-9.242102,196.998023,-3.13478
-9.384711,196.99705,-3.134764
-9.533426,196.996033,-3.134745
-9.688122,196.994972,-3.134719
-9.848645,196.993866,-3.134687
-10.011646,196.992737,-3.134646
-10.183935,196.991536,-3.134592
-10.362256,196.990281,-3.134519
-10.546527,196.988969,-3.13442
-10.736771,196.987592,-3.134289
-10.933043,196.986143,-3.134121
-11.135187,196.984611,-3.133901
-11.343084,196.982983,-3.133609
-11.58261,196.981021,-3.133168
-11.775609,196.979354,-3.13275
-11.999893,196.977322,-3.132313
-12.229301,196.975126,-3.131682
-12.463674,196.972717,-3.130938
-12.702864,196.970073,-3.130156
-12.94673,196.96722,-3.129643
-13.195124,196.964187,-3.129141
-13.447899,196.960979,-3.128665
-13.704913,196.957597,-3.128206
-13.96603,196.954042,-3.127752
-14.231121,196.950313,-3.12732
-14.50007,196.946419,-3.126886
-14.772767,196.942376,-3.126673
-15.049091,196.938222,-3.126477
-15.328925,196.93397,-3.126319
-15.612156,196.929622,-3.126162
-15.90444,196.925087,-3.125999
-16.19421,196.920544,-3.125826
-16.490124,196.915851,-3.125649
-16.766425,196.911439,-3.125623
-17.045256,196.906997,-3.125743
-17.299788,196.902993,-3.126013
-17.559586,196.899,-3.126465
-17.822677,196.895089,-3.12699
-18.089691,196.891259,-3.127514
-18.360506,196.887519,-3.12806
-18.635004,196.8839,-3.128813
-18.913069,196.880479,-3.129819
-19.194593,196.877328,-3.130999
-19.479465,196.874495,-3.132325
-19.76758,196.872032,-3.133784
-20.058838,196.869981,-3.135322
-20.353141,196.868366,-3.136903
-20.65039,196.867214,-3.138548
-20.950495,196.866564,-3.140317
-21.253363,196.866454,3.141031
-21.558909,196.86688,3.13946
-21.867056,196.867722,3.138297
-22.177724,196.868911,3.137282
-22.490832,196.870392,3.136458
-22.8063,196.872126,3.135749
-23.124048,196.87408,3.13516
-23.44401,196.876219,3.134672
-23.766124,196.878509,3.134343
-24.11635,196.881089,3.134129
-24.416543,196.883347,3.13401
-24.744711,196.885855,3.133884
-25.074766,196.888418,3.133783
-25.453258,196.891393,3.133684
-25.740312,196.893671,3.133633
-26.075695,196.896348,3.133592
-26.419501,196.899109,3.133524
-26.751404,196.901799,3.133456
-27.091627,196.904577,3.133394
-27.433363,196.907391,3.133336
-27.776568,196.910227,3.133322
-28.121194,196.913081,3.1333
-28.467198,196.915954,3.133283
-28.814536,196.918839,3.133288
-29.162496,196.92173,3.133274
-29.502482,196.924559,3.133284
-29.832078,196.927279,3.133443
-30.15161,196.929824,3.13387
-30.467493,196.932152,3.134617
-30.761733,196.93409,3.135385
-31.052921,196.935804,3.135978
-31.340802,196.937369,3.136294
-31.608977,196.93877,3.136421
-31.874388,196.940132,3.13651
-32.131739,196.941417,3.136729
-32.381281,196.942589,3.137068
-32.623255,196.943644,3.137383
-32.857901,196.944609,3.137539
-33.086116,196.945535,3.137512
-33.31668,196.946491,3.137368
-33.556941,196.947529,3.137167
-33.797319,196.948619,3.136949
-34.04233,196.949785,3.136706
-34.291827,196.951039,3.136423
-34.54571,196.952392,3.136099
-34.798718,196.953825,3.135751
-35.061099,196.955408,3.135359
-35.327762,196.957129,3.134902
-35.598741,196.959012,3.13438
-35.874006,196.96107,3.133863
-36.153526,196.963328,3.133057
-36.437218,196.965859,3.132319
-36.724948,196.968646,3.131516
-37.016585,196.971693,3.130781
-37.312002,196.974984,3.130138
-37.611079,196.978497,3.129577
-37.913703,196.982211,3.129069
-38.225925,196.986205,3.128556
-38.529209,196.990212,3.128199
-38.841949,196.994458,3.127835
-39.157882,196.998865,3.127451
-39.476902,197.003439,3.127068
-39.798915,197.008176,3.126701
-40.123835,197.013075,3.126373
-40.458159,197.018195,3.126177
-40.782047,197.023211,3.126033
-41.115157,197.028424,3.125855
-41.450822,197.033738,3.125673
-41.788962,197.039154,3.125473
-42.129503,197.044677,3.125285
-42.479253,197.050411,3.125104
-42.817495,197.056028,3.124864
-43.171766,197.062004,3.12458
-43.521222,197.068001,3.124279
-43.858625,197.073896,3.123977
-44.219119,197.080295,3.123714
-44.574487,197.086699,3.12342
-44.931731,197.093246,3.123124
-45.290841,197.099929,3.12284
-45.651762,197.106754,3.122536
-46.01444,197.113709,3.122308
-46.378821,197.12078,3.122062
-46.752188,197.12812,3.121824
-47.119845,197.135423,3.121637
-47.481652,197.142672,3.121511
-47.85233,197.150127,3.121467
-48.22481,197.157352,3.121623
-48.603099,197.165084,3.121514
-48.974905,197.172758,3.120927
-49.339869,197.180495,3.120457
-49.71046,197.188731,3.1182
-50.080415,197.197309,3.117747
-50.447108,197.210363,3.120934
-50.822316,197.223466,3.121748
-51.199746,197.234036,3.11817
-51.574779,197.244357,3.112094
-51.948257,197.256095,3.105557
-52.320382,197.270273,3.101408
-52.687697,197.285777,3.097521
-53.056423,197.302627,3.094906
-53.42417,197.320059,3.096884
-53.793977,197.336797,3.095291
-54.164868,197.354382,3.093189
-54.537309,197.372681,3.091365
-54.908588,197.392743,3.08803
-55.281742,197.412452,3.087116
-55.655992,197.432591,3.088523
-56.031782,197.452404,3.089939
-56.407011,197.470988,3.094435
-56.783417,197.488389,3.099136
-57.168794,197.504659,3.099675
-57.547751,197.520407,3.100609
-57.926538,197.536355,3.101593
-58.306248,197.550727,3.106027
-58.701734,197.56382,3.110828
-59.060138,197.574292,3.114611
-59.441056,197.583409,3.119301
-59.821171,197.591337,3.126822
-60.202453,197.596053,3.1315
-60.584222,197.599111,3.13552
-60.966114,197.600339,3.138123
-61.34812,197.600876,-3.14012
-61.730437,197.599083,-3.133906
-62.136562,197.594735,-3.127268
-62.496401,197.588289,-3.119773
-62.877267,197.579149,-3.109709
-63.25985,197.565634,-3.10175
-63.642488,197.548535,-3.09245
-64.024873,197.528373,-3.084808
-64.407896,197.50561,-3.077373
-64.789547,197.47895,-3.066416
-65.171568,197.448682,-3.058131
-65.55329,197.415066,-3.049606
-65.932133,197.378908,-3.039942
-66.312846,197.340898,-3.029472
-66.693032,197.296625,-3.021522
-67.072414,197.249558,-3.013382
-67.453111,197.199162,-3.005508
-67.831162,197.145585,-2.9947
-68.208965,197.087602,-2.984563
-68.59416,197.025003,-2.976289
-68.962295,196.962267,-2.969148
-69.337157,196.897497,-2.959756
-69.712495,196.827168,-2.952124
-70.086713,196.753925,-2.944352
-70.46238,196.677434,-2.937599
-70.834761,196.599182,-2.931867
-71.205872,196.518896,-2.923882
-71.577012,196.435298,-2.915959
-71.947153,196.34897,-2.909371
-72.313698,196.261166,-2.907551
-72.683007,196.172107,-2.904576
-73.05133,196.08275,-2.90206
-73.419707,195.992359,-2.901976
-73.78848,195.901992,-2.901762
-74.155177,195.811925,-2.897719
-74.522292,195.719775,-2.893506
-74.888865,195.626399,-2.891333
-75.252725,195.533214,-2.890086
-75.618675,195.439368,-2.890203
-75.984397,195.345943,-2.892388
-76.350009,195.253312,-2.893977
-76.717613,195.160055,-2.894063
-77.081797,195.068193,-2.893333
-77.446737,194.974987,-2.88977
-77.818986,194.87857,-2.886338
-78.175161,194.784979,-2.883392
-78.537422,194.690519,-2.877795
-78.900679,194.591979,-2.874978
-79.263429,194.492191,-2.870449
-79.627404,194.390246,-2.863645
-79.996649,194.283797,-2.857538
-80.358038,194.176605,-2.848916
-80.719486,194.066237,-2.841325
-81.080233,193.953234,-2.835068
-81.430862,193.841403,-2.828889
-81.790928,193.724157,-2.821171
-82.14997,193.603649,-2.814345
-82.508277,193.480879,-2.808013
-82.867927,193.354451,-2.800201
-83.223561,193.22666,-2.79086
-83.579138,193.094233,-2.779313
-83.933437,192.957909,-2.769728
-84.285067,192.81962,-2.764095
-84.637334,192.678569,-2.757122
-84.988925,192.534622,-2.749215
-85.346646,192.385466,-2.742715
-85.690623,192.238738,-2.735335
-86.038949,192.087463,-2.727983
-86.386706,191.933239,-2.720617
-86.733898,191.77648,-2.714024
-87.080034,191.617801,-2.709023
-87.424355,191.45846,-2.709306
-87.776933,191.295078,-2.705943
-88.115379,191.137127,-2.703423
-88.461509,190.974832,-2.705467
-88.806802,190.813884,-2.70656
-89.152104,190.652969,-2.70398
-89.497707,190.490812,-2.701401
-89.842741,190.327788,-2.699255
-90.185163,190.165035,-2.699839
-90.530182,190.001225,-2.700504
-90.875208,189.838077,-2.699331
-91.227075,189.671796,-2.700691
-91.566238,189.511461,-2.701826
-91.911079,189.348568,-2.697376
-92.255826,189.18385,-2.69478
-92.600801,189.018241,-2.693355
-92.943687,188.853348,-2.694405
-93.301312,188.680202,-2.698332
-93.639663,188.519363,-2.697307
-93.984775,188.355169,-2.697814
-94.331518,188.190614,-2.70085
-94.676924,188.027835,-2.69939
-95.022414,187.863399,-2.696035
-95.361143,187.701458,-2.694929
-95.706063,187.536145,-2.695231
-96.05036,187.372557,-2.693581
-96.396032,187.207151,-2.696319
-96.741624,187.04246,-2.696377
-97.088321,186.877081,-2.695585
-97.440603,186.708154,-2.691892
-97.784892,186.540106,-2.683522
-98.142206,186.362398,-2.676362
-98.471087,186.196249,-2.671652
-98.803604,186.027703,-2.665467
-99.145644,185.852148,-2.661096
-99.485514,185.674068,-2.656501
-99.824617,185.494467,-2.653031
-100.164368,185.313424,-2.649382
-100.501138,185.1314,-2.640293
-100.837042,184.945287,-2.631323
-101.171424,184.756689,-2.625117
-101.555789,184.537581,-2.618489
-101.842603,184.373045,-2.613929
-102.167198,184.182817,-2.608553
-102.497272,183.987187,-2.603676
-102.828038,183.788393,-2.597868
-103.155378,183.589412,-2.591357
-103.488416,183.383184,-2.583098
-103.807343,183.182359,-2.576193
-104.130091,182.976325,-2.570767
-104.451745,182.769059,-2.566873
-104.773527,182.559658,-2.561806
-105.093567,182.34915,-2.557287
-105.413449,182.135955,-2.55151
-105.730598,181.922366,-2.545232
-106.045342,181.70541,-2.530828
-106.358093,181.484061,-2.520502
-106.668646,181.259936,-2.512809
-106.97556,181.035464,-2.509892
-107.284112,180.808065,-2.503845
-107.591048,180.579474,-2.498304
-107.903417,180.343935,-2.492682
-108.201566,180.115992,-2.486231
-108.503735,179.881492,-2.476822
-108.804291,179.643841,-2.467965
-109.102733,179.403691,-2.460496
-109.398226,179.163308,-2.458268
-109.694894,178.921159,-2.456901
-109.990998,178.678273,-2.452613
-110.286576,178.43487,-2.453178
-110.582927,178.190733,-2.454777
-110.878286,177.948136,-2.450624
-111.172691,177.703139,-2.444979
-111.466459,177.456603,-2.441657
-111.758368,177.210689,-2.441721
-112.050315,176.963096,-2.444034
-112.343438,176.716537,-2.440367
-112.635843,176.469119,-2.438345
-112.929083,176.220494,-2.440979
-113.221262,175.974237,-2.439242
-113.512809,175.725846,-2.433125
-113.803517,175.475706,-2.428632
-114.09292,175.225086,-2.426647
-114.380668,174.974282,-2.431969
-114.671132,174.724799,-2.431402
-114.961506,174.475021,-2.430703
-115.253029,174.224395,-2.433959
-115.543625,173.976547,-2.436702
-115.834878,173.728398,-2.435186
-116.126128,173.479555,-2.433497
-116.416821,173.230308,-2.43243
-116.709818,172.979117,-2.43466
-116.988496,172.740876,-2.437639
-117.263745,172.507215,-2.437654
-117.531155,172.279775,-2.43768
-117.793523,172.058009,-2.438364
-118.046196,171.842729,-2.432588
-118.291838,171.630911,-2.427876
-118.53802,171.417193,-2.42487
-118.784765,171.201669,-2.422854
-119.030292,170.987187,-2.420185
-119.278954,170.769461,-2.421174
-119.533291,170.546041,-2.420543
-119.778817,170.330568,-2.421592
-120.031992,170.10915,-2.425359
-120.285192,169.889362,-2.426126
-120.538949,169.667397,-2.420546
-120.793484,169.443361,-2.418471
-121.048499,169.217982,-2.417909
-121.303093,168.992984,-2.418552
-121.559448,168.767044,-2.417956
-121.817104,168.539459,-2.417197
-122.075529,168.310548,-2.415895
-122.334627,168.080584,-2.415689
-122.594844,167.850081,-2.413989
-122.854187,167.617774,-2.408727
-123.129694,167.36926,-2.4059
-123.373931,167.147459,-2.402627
-123.632693,166.910629,-2.398787
-123.891395,166.673323,-2.392368
-124.149794,166.431974,-2.387324
-124.407232,166.188653,-2.38031
-124.664095,165.942561,-2.374957
-124.92073,165.694743,-2.368821
-125.175142,165.444494,-2.360435
-125.428807,165.191412,-2.353577
-125.68119,164.936219,-2.34816
-125.931691,164.680251,-2.342886
-126.182712,164.423341,-2.335588
-126.432291,164.162431,-2.332362
-126.681105,163.900457,-2.327835
-126.934968,163.630616,-2.32161
-127.18169,163.36444,-2.314477
-127.421654,163.101328,-2.306112
-127.665064,162.830212,-2.298686
-127.9072,162.557059,-2.29377
-128.147107,162.28446,-2.289137
-128.388093,162.009086,-2.283523
-128.623301,161.735826,-2.279044
-128.850617,161.469677,-2.275089
-129.071386,161.208234,-2.265863
-129.284328,160.950922,-2.258124
-129.495494,160.691764,-2.250942
-129.705831,160.430013,-2.24435
-129.915332,160.166166,-2.239774
-130.123314,159.902303,-2.236342
-130.332264,159.63707,-2.229515
-130.54801,159.357344,-2.225963
-130.746824,159.097903,-2.223397
-130.953821,158.82561,-2.217779
-131.159642,158.550763,-2.209536
-131.399047,158.224986,-2.199034
-131.568063,157.990608,-2.191812
-131.76355,157.715309,-2.184755
-131.965843,157.42726,-2.181101
-132.161353,157.1458,-2.178172
-132.358695,156.860231,-2.172131
-132.550501,156.579375,-2.167134
-132.745377,156.290948,-2.163718
-132.944359,155.993392,-2.156152
-133.132067,155.708123,-2.149119
-133.322595,155.414015,-2.14194
-133.511366,155.117731,-2.134365
-133.698688,154.819563,-2.129303
-133.883402,154.522106,-2.125261
-134.068235,154.22049,-2.115397
-134.250487,153.916655,-2.106568
-134.431458,153.610471,-2.102708
-134.615966,153.295455,-2.096693
-134.793861,152.987032,-2.091256
-134.970909,152.67609,-2.085692
-135.146777,152.363288,-2.079906
-135.321233,152.048938,-2.074894
-135.489649,151.742035,-2.072773
-135.662002,151.425111,-2.065376
-135.832275,151.107096,-2.059328
-136.001706,150.78796,-2.058267
-136.170552,150.467654,-2.056526
-136.341978,150.141508,-2.052244
-136.508836,149.820351,-2.047807
-136.677967,149.491541,-2.043518
-136.839373,149.175153,-2.040644
-137.005884,148.846087,-2.040144
-137.163,148.53495,-2.036862
-137.325955,148.210118,-2.034233
-137.489276,147.884421,-2.036535
-137.652474,147.558579,-2.038037
-137.816121,147.233385,-2.035226
-137.979138,146.906708,-2.031935
-138.141514,146.578717,-2.028859
-138.302704,146.251189,-2.027544
-138.466453,145.915569,-2.027671
-138.624849,145.592316,-2.025039
-138.786011,145.261626,-2.022882
-138.947648,144.928843,-2.024984
-139.109455,144.597975,-2.02594
-139.271419,144.266102,-2.023695
-139.433117,143.933072,-2.021523
-139.594139,143.599395,-2.019568
-139.753053,143.268046,-2.021296
-139.913253,142.933469,-2.022666
-140.074436,142.599922,-2.019528
-140.235041,142.266136,-2.01934
-140.396431,141.931105,-2.021886
-140.557795,141.597748,-2.020311
-140.718475,141.263598,-2.017792
-140.878752,140.928688,-2.016182
-141.038267,140.594484,-2.01642
-141.200946,140.255246,-2.014742
-141.360744,139.919814,-2.014894
-141.517058,139.591284,-2.014601
-141.680124,139.248476,-2.014435
-141.842433,138.906648,-2.013339
-141.994379,138.584273,-2.009259
-142.151664,138.247361,-2.005469
-142.307551,137.90982,-2.001783
-142.461629,137.574614,-1.996273
-142.616037,137.236211,-1.99049
-142.767561,136.896737,-1.989953
-142.918605,136.557215,-1.988658
-143.069704,136.215634,-1.986342
-143.221987,135.868653,-1.98119
-143.369409,135.526986,-1.97527
-143.512365,135.190936,-1.970418
-143.656246,134.848149,-1.966622
-143.799501,134.507543,-1.96094
-143.942058,134.162236,-1.957155
-144.082082,133.817115,-1.954795
-144.221771,133.470459,-1.952811
-144.360287,133.124672,-1.950585
-144.497332,132.778529,-1.944851
-144.632715,132.431088,-1.939647
-144.768897,132.076095,-1.934918
-144.897838,131.737376,-1.929481
-145.029366,131.388433,-1.924104
-145.158112,131.038689,-1.922298
-145.286025,130.688862,-1.920157
-145.413439,130.336553,-1.916644
-145.538924,129.986489,-1.911608
-145.662323,129.634675,-1.904869
-145.783761,129.281629,-1.899141
-145.903042,128.928848,-1.894475
-146.021499,128.576663,-1.889088
-146.137951,128.221359,-1.884704
-146.252647,127.865274,-1.879518
-146.365957,127.506617,-1.874698
-146.477316,127.149085,-1.870575
-146.586431,126.791106,-1.862398
-146.692854,126.431696,-1.854833
-146.796755,126.071632,-1.848922
-146.898028,125.71394,-1.845318
-146.99907,125.35266,-1.838882
-147.097121,124.991044,-1.8322
-147.193024,124.629101,-1.826432
-147.286744,124.264289,-1.819382
-147.377467,123.901939,-1.811444
-147.46512,123.537861,-1.802946
-147.549953,123.172747,-1.795218
-147.63376,122.801457,-1.789767
-147.711957,122.44365,-1.782596
-147.790333,122.069876,-1.772641
-147.864083,121.702947,-1.764673
-147.933897,121.340974,-1.759213
-148.002865,120.97382,-1.753572
-148.069686,120.605537,-1.747175
-148.134452,120.236507,-1.741551
-148.19713,119.867189,-1.736718
-148.257975,119.500123,-1.735688
-148.318731,119.130578,-1.732271
-148.378252,118.760935,-1.728986
-148.437417,118.390981,-1.72937
-148.496072,118.020328,-1.72997
-148.555221,117.651931,-1.728306
-148.613351,117.282353,-1.725397
-148.671778,116.904808,-1.722822
-148.726784,116.543862,-1.72229
-148.782323,116.174013,-1.724136
-148.84052,115.796874,-1.7236
-148.898682,115.419747,-1.723595
-148.953484,115.062897,-1.725637
-149.011158,114.694766,-1.726135
-149.068379,114.325335,-1.722795
-149.124568,113.95533,-1.71986
-149.17966,113.585303,-1.717774
-149.233143,113.218108,-1.721669
-149.288925,112.847997,-1.723352
-149.345724,112.478522,-1.723367
-149.407414,112.078524,-1.724581
-149.459922,111.73898,-1.725588
-149.516741,111.370146,-1.720453
-149.571522,111.000502,-1.715746
-149.624992,110.630071,-1.712607
-149.677353,110.262539,-1.710039
-149.730006,109.892243,-1.707811
-149.781074,109.521965,-1.707777
-149.832169,109.151866,-1.707917
-149.883218,108.780005,-1.707446
-149.933432,108.410103,-1.702179
-149.981164,108.039271,-1.696097
-150.028172,107.660134,-1.691659
-150.071622,107.296416,-1.688301
-150.118477,106.904973,-1.683392
-150.158021,106.554945,-1.680784
-150.198584,106.182762,-1.678056
-150.238551,105.809762,-1.676184
-150.277461,105.437359,-1.673066
-150.314092,105.065023,-1.664907
-150.348265,104.691815,-1.658925
-150.380809,104.310877,-1.653387
-150.410323,103.947917,-1.647508
-150.439594,103.57395,-1.640925
-150.464643,103.200199,-1.634435
-150.487528,102.826572,-1.629027
-150.508187,102.450266,-1.623373
-150.526971,102.077493,-1.61759
-150.543143,101.703329,-1.610601
-150.556952,101.328618,-1.604283
-150.56841,100.954891,-1.598621
-150.578086,100.581822,-1.592699
-150.585403,100.207164,-1.587431
-150.590606,99.84006,-1.582124
-150.593996,99.456113,-1.576586
-150.59495,99.077433,-1.570764
-150.59402,98.706114,-1.566246
-150.591847,98.340462,-1.562416
-150.588012,97.96769,-1.5594
-150.582958,97.601622,-1.556319
-150.576646,97.235123,-1.552093
-150.569851,96.861391,-1.548062
-150.561379,96.482268,-1.546445
-150.55268,96.111572,-1.549585
-150.545208,95.744101,-1.549859
-150.537105,95.376772,-1.547704
-150.528481,95.017061,-1.545125
-150.518515,94.650538,-1.542621
-150.507942,94.287982,-1.543467
-150.497629,93.921623,-1.544081
-150.487393,93.556111,-1.541419
-150.47605,93.190466,-1.537915
-150.463094,92.823321,-1.532927
-150.448127,92.458874,-1.524914
-150.429649,92.093524,-1.515922
-150.40746,91.720381,-1.505723
-150.382247,91.36396,-1.494569
-150.353586,90.999608,-1.481849
-150.318687,90.634839,-1.469286
-150.279403,90.270315,-1.45706
-150.234508,89.897284,-1.444426
-150.186889,89.541367,-1.431658
-150.131644,89.171668,-1.413061
-150.072252,88.816473,-1.39683
-150.004538,88.447663,-1.382227
-149.934942,88.088284,-1.370429
-149.860901,87.735543,-1.357864
-149.781487,87.375826,-1.350155
-149.700295,87.016452,-1.346658
-149.617899,86.656019,-1.34626
-149.533679,86.289769,-1.344102
-149.450303,85.930168,-1.341899
-149.36613,85.569999,-1.340004
-149.281389,85.210397,-1.339539
-149.193804,84.844275,-1.338138
-149.110002,84.491991,-1.336959
-149.026113,84.13919,-1.337727
-148.941134,83.779096,-1.339578
-148.856347,83.418934,-1.339971
-148.771409,83.058373,-1.33899
-148.686075,82.697449,-1.338384
-148.600551,82.335901,-1.337983
-148.514091,81.976009,-1.337499
-148.428082,81.615113,-1.336254
-148.341883,81.25394,-1.336682
-148.255741,80.892372,-1.337086
-148.170321,80.530151,-1.33733
-148.084125,80.169533,-1.335706
-147.997567,79.810536,-1.332635
-147.912322,79.462075,-1.329344
-147.828673,79.122758,-1.32747
-147.745077,78.793499,-1.325638
-147.664244,78.471166,-1.324437
-147.585741,78.159571,-1.322829
-147.508743,77.857681,-1.319037
-147.433168,77.56313,-1.315839
-147.358398,77.277638,-1.316276
-147.285654,77.000191,-1.311523
-147.213714,76.731775,-1.306633
-147.142834,76.471822,-1.302573
-147.073057,76.219003,-1.298915
-147.004186,75.975381,-1.296833
-146.936526,75.736944,-1.293678
-146.870885,75.505754,-1.294036
-146.807062,75.281851,-1.290546
-146.744126,75.065115,-1.286096
-146.682575,74.855057,-1.284627
-146.622674,74.65044,-1.282357
-146.564177,74.452976,-1.283447
-146.507577,74.262276,-1.280427
-146.452382,74.076652,-1.277604
-146.397964,73.896996,-1.275867
-146.34491,73.722681,-1.275961
-146.293438,73.553666,-1.274389
-146.241538,73.384068,-1.273324
-146.189811,73.21599,-1.271085
-146.135263,73.040384,-1.270237
-146.078628,72.858868,-1.266851
-146.019737,72.671709,-1.265321
-145.958875,72.478646,-1.265602
-145.896544,72.279902,-1.268267
-145.832979,72.075086,-1.271391
-145.768276,71.864492,-1.274017
-145.70256,71.648138,-1.276402
-145.63606,71.429968,-1.279714
-145.569126,71.206995,-1.279359
-145.50027,70.979078,-1.277403
-145.430107,70.746139,-1.278993
-145.359037,70.508418,-1.280623
-145.286708,70.265778,-1.281357
-145.213674,70.02111,-1.281363
-145.138986,69.771617,-1.280991
-145.06322,69.517579,-1.280864
-144.986143,69.259333,-1.280721
-144.907809,68.996849,-1.280101
-144.827727,68.729466,-1.279566
-144.74846,68.4622,-1.281217
-144.668391,68.1928,-1.284412
-144.587557,67.91851,-1.284288
-144.50747,67.646687,-1.284005
-144.429699,67.383188,-1.283784
-144.354092,67.127174,-1.2836
-144.279976,66.878454,-1.281838
-144.208061,66.636028,-1.282457
-144.137575,66.398727,-1.281446
-144.063913,66.152548,-1.277769
-143.991039,65.911767,-1.275894
-143.915257,65.661881,-1.274825
-143.83929,65.411288,-1.280376
-143.763589,65.157247,-1.282789
-143.686956,64.898132,-1.283816
-143.609539,64.634944,-1.285692
-143.530076,64.361965,-1.28836
-143.45172,64.092739,-1.288377
-143.37326,63.820127,-1.289006
-143.282365,63.504349,-1.291512
-143.214948,63.268656,-1.292937
-143.134295,62.98478,-1.294735
-143.053233,62.697337,-1.294851
-142.971946,62.409857,-1.297223
-142.888629,62.112437,-1.298192
-142.808049,61.823502,-1.299508
-142.725476,61.525594,-1.30134
-142.642394,61.224471,-1.301741
-142.559666,60.924085,-1.297937
-142.474639,60.619958,-1.297821
-142.388324,60.313481,-1.294696
-142.300381,60.004665,-1.292182
-142.21164,59.693669,-1.28985
-142.121579,59.38233,-1.285531
-142.028147,59.069138,-1.276679
-141.931472,58.754344,-1.269305
-141.831992,58.437622,-1.263321
-141.729888,58.120482,-1.257605
-141.627186,57.803252,-1.251908
-141.521815,57.483653,-1.252412
-141.415634,57.16225,-1.251111
-141.308464,56.839132,-1.249881
-141.200698,56.51544,-1.248069
-141.091224,56.190276,-1.244144
-140.980016,55.863709,-1.241178
-140.867463,55.535342,-1.239022
-140.753316,55.206019,-1.235876
-140.639133,54.87848,-1.226385
-140.52039,54.549097,-1.223459
-140.400151,54.2186,-1.220034
-140.278593,53.887411,-1.216819
-140.15479,53.555025,-1.213776
-140.029355,53.222581,-1.205723
-139.900525,52.88971,-1.197422
-139.765243,52.549588,-1.186411
-139.631301,52.223708,-1.175021
-139.489752,51.886976,-1.161324
-139.344073,51.555861,-1.149888
-139.193568,51.225688,-1.136631
-139.0391,50.896602,-1.125458
-138.882829,50.573266,-1.114051
-138.720001,50.246694,-1.101179
-138.551759,49.92069,-1.088053
-138.37882,49.595408,-1.075688
-138.201735,49.272448,-1.062434
-138.021923,48.950845,-1.048797
-137.835135,48.630418,-1.037384
-137.644357,48.311482,-1.025607
-137.449146,47.992916,-1.0146
-137.250446,47.677609,-1.003404
-137.048542,47.364737,-0.991605
-136.825833,47.028428,-0.980072
-136.633068,46.743743,-0.971612
-136.422744,46.4373,-0.96749
-136.209758,46.129664,-0.964238
-135.99542,45.822701,-0.959005
-135.7801,45.516153,-0.958079
-135.563826,45.208467,-0.960261
-135.349141,44.901627,-0.959769
-135.133634,44.59433,-0.958686
-134.91752,44.286645,-0.957575
-134.701554,43.979606,-0.956971
-134.484995,43.67409,-0.957955
-134.268168,43.366879,-0.954283
-134.04998,43.060182,-0.950742
-133.830812,42.752672,-0.952222
-133.608677,42.440812,-0.953717
-133.394716,42.140433,-0.950011
-133.161829,41.815808,-0.946384
-132.94971,41.52226,-0.944456
-132.733892,41.224572,-0.947225
-132.513694,40.918352,-0.948835
-132.293889,40.611672,-0.949061
-132.074298,40.30496,-0.950473
-131.849909,39.990791,-0.953049
-131.631663,39.683465,-0.952782
-131.412711,39.375745,-0.951993
-131.19761,39.073749,-0.951249
-130.974649,38.761166,-0.950073
-130.755318,38.453503,-0.94671
-130.539121,38.152637,-0.948567
-130.318919,37.845127,-0.949338
-130.097722,37.536887,-0.947983
-129.876913,37.230646,-0.942083
-129.652986,36.925768,-0.932816
-129.426039,36.622157,-0.924666
-129.196885,36.320759,-0.916611
-128.968104,36.021877,-0.906348
-128.733606,35.723292,-0.899332
-128.491633,35.421404,-0.891136
-128.256487,35.131837,-0.88584
-128.016145,34.839178,-0.881421
-127.774015,34.547722,-0.873624
-127.529502,34.25786,-0.866193
-127.282512,33.969717,-0.858328
-127.035679,33.685931,-0.851776
-126.779687,33.395453,-0.842568
-126.531533,33.119151,-0.835588
-126.276503,32.838433,-0.830451
-126.019325,32.558503,-0.827396
-125.763174,32.281091,-0.821337
-125.504052,32.004835,-0.81362
-125.242585,31.730035,-0.806537
-124.981169,31.45843,-0.802934
-124.717718,31.186504,-0.802057
-124.453892,30.91503,-0.79748
-124.189028,30.644616,-0.793462
-123.922177,30.373716,-0.793271
-123.652017,30.100007,-0.791403
-123.390933,29.83646,-0.788858
-123.123588,29.56782,-0.786405
-122.856196,29.300205,-0.78442
-122.588535,29.033758,-0.783747
-122.320061,28.766886,-0.781142
-122.050793,28.500545,-0.778786
-121.780214,28.233407,-0.778229
-121.500533,27.958492,-0.776539
-121.240912,27.704593,-0.772145
-120.969386,27.441198,-0.768291
-120.69658,27.178506,-0.764647
-120.424726,26.918457,-0.765188
-120.151159,26.6572,-0.760286
-119.876443,26.397571,-0.754207
-119.603868,26.14257,-0.750179
-119.340973,25.89851,-0.748057
-119.067392,25.645943,-0.742951
-118.797516,25.399326,-0.737918
-118.525828,25.153371,-0.732881
-118.254372,24.910104,-0.728531
-117.980559,24.666508,-0.722095
-117.704453,24.425057,-0.715184
-117.426328,24.185101,-0.708649
-117.146132,23.944939,-0.704236
-116.866739,23.709263,-0.699254
-116.584822,23.473563,-0.693665
-116.301385,23.23911,-0.688658
-116.010616,23.000945,-0.683256
-115.72494,22.769932,-0.677493
-115.437127,22.539854,-0.671486
-115.147632,22.311115,-0.666023
-114.862776,22.087611,-0.661267
-114.570823,21.861443,-0.657383
-114.278177,21.636786,-0.652158
-113.983587,21.41325,-0.64621
-113.687194,21.190817,-0.64085
-113.390521,20.970967,-0.639481
-113.092437,20.750763,-0.63766
-112.794685,20.529691,-0.639454
-112.496862,20.307843,-0.640937
-112.199046,20.084591,-0.642475
-111.902475,19.862744,-0.644115
-111.60487,19.639933,-0.641385
-111.30637,19.417677,-0.638708
-111.006984,19.195692,-0.636264
-110.689373,18.963226,-0.63323
-110.40705,18.755509,-0.635712
-110.107127,18.533617,-0.638045
-109.806758,18.310149,-0.639882
-109.508225,18.087711,-0.641883
-109.209292,17.864595,-0.64006
-108.91561,17.64644,-0.637798
-108.609075,17.419642,-0.63563
-108.309406,17.199795,-0.633962
-108.008246,16.97799,-0.635607
-107.701886,16.750911,-0.63905
-107.401502,16.527431,-0.640659
-107.101574,16.302632,-0.642998
-106.80277,16.078878,-0.644109
-106.503211,15.854095,-0.643379
-106.203137,15.629066,-0.642577
-105.908879,15.409632,-0.640878
-105.608345,15.186228,-0.636172
-105.306669,14.963379,-0.636156
-105.004649,14.740322,-0.636099
-104.69668,14.511862,-0.636263
-104.401095,14.294197,-0.633222
-104.097667,14.073091,-0.626489
-103.792595,13.853744,-0.620391
-103.485582,13.635718,-0.61449
-103.179603,13.420221,-0.605377
-102.869921,13.20692,-0.602319
-102.559775,12.994066,-0.600308
-102.249159,12.781599,-0.59717
-101.938286,12.570325,-0.594119
-101.625884,12.360969,-0.586797
-101.311864,12.153728,-0.580092
-100.996124,11.94808,-0.573903
-100.674493,11.741164,-0.565785
-100.356541,11.540741,-0.552819
-100.042376,11.347873,-0.548421
-99.720811,11.15226,-0.544708
-99.398384,10.957624,-0.541948
-99.075287,10.764978,-0.533417
-98.750218,10.574876,-0.525161
-98.423092,10.386824,-0.517765
-98.095314,10.201631,-0.510815
-97.767441,10.017881,-0.50368
-97.436515,9.836679,-0.498043
-97.1042,9.65732,-0.491964
-96.769862,9.479598,-0.487292
-96.441919,9.306917,-0.481896
-96.123273,9.141519,-0.476646
-95.813712,8.982484,-0.471674
-95.511448,8.829542,-0.464279
-95.218877,8.684279,-0.457134
-94.930228,8.542369,-0.451238
-94.650283,8.407664,-0.445881
-94.378247,8.278413,-0.440767
-94.113929,8.154476,-0.435799
-93.854356,8.034642,-0.43163
-93.603606,7.920861,-0.42081
-93.359338,7.812887,-0.412334
-93.121722,7.709699,-0.407147
-92.890797,7.610996,-0.400755
-92.665349,7.516163,-0.394159
-92.446892,7.42648,-0.388071
-92.233829,7.340511,-0.380665
-92.026827,7.258387,-0.375133
-91.821753,7.17799,-0.371722
-91.630404,7.103937,-0.365546
-91.440466,7.031821,-0.361079
-91.241319,6.956756,-0.357071
-91.068984,6.89275,-0.353936
-90.877847,6.822541,-0.351088
-90.68213,6.750898,-0.347927
-90.480204,6.677858,-0.346105
-90.273071,6.603388,-0.344698
-90.061055,6.527397,-0.344094
-89.843895,6.449508,-0.344219
-89.623097,6.37043,-0.344089
-89.399276,6.291243,-0.344435
-89.171083,6.209498,-0.343681
-88.938485,6.126425,-0.342499
-88.701708,6.042049,-0.341695
-88.456113,5.954697,-0.341065
-88.216119,5.869186,-0.340626
-87.964234,5.77983,-0.340845
-87.716116,5.691506,-0.342188
-87.463002,5.601832,-0.339384
-87.205788,5.511302,-0.337719
-86.949907,5.421634,-0.336352
-86.685318,5.329248,-0.33519
-86.408611,5.234351,-0.333982
-86.149343,5.144584,-0.332555
-85.875709,5.050382,-0.330296
-85.598295,4.955753,-0.327168
-85.31699,4.860535,-0.324266
-85.033102,4.764838,-0.322548
-84.748982,4.670364,-0.322958
-84.460723,4.574527,-0.319023
-84.127832,4.465543,-0.313764
-83.873618,4.383475,-0.309735
-83.576714,4.28898,-0.306973
-83.27684,4.195597,-0.304465
-82.974375,4.100428,-0.304968
-82.669225,4.004506,-0.304085
-82.361357,3.908109,-0.302627
-82.051215,3.810815,-0.30176
-81.747078,3.716187,-0.301369
-81.427222,3.617799,-0.295912
-81.110707,3.522268,-0.290403
-80.791174,3.427558,-0.285371
-80.471225,3.335225,-0.282761
-80.148146,3.242056,-0.280741
-79.810103,3.14445,-0.280877
-79.496002,3.053992,-0.279888
-79.166247,2.958804,-0.278711
-78.830931,2.863142,-0.279045
-78.506374,2.770693,-0.275232
-78.172737,2.67731,-0.270685
-77.836661,2.584723,-0.266281
-77.500271,2.494224,-0.263324
-77.161256,2.403563,-0.261022
-76.820543,2.312643,-0.260475
-76.478127,2.221517,-0.259707
-76.133669,2.1296,-0.258866
-75.790359,2.038896,-0.259898
-75.444923,1.947461,-0.257373
-75.097702,1.856606,-0.254513
-74.748474,1.766161,-0.251561
-74.399998,1.6777,-0.244872
-74.048577,1.591154,-0.239527
-73.695684,1.505332,-0.237637
-73.341076,1.419775,-0.235809
-72.979025,1.332413,-0.234343
-72.631152,1.250209,-0.230899
-72.273938,1.167506,-0.224361
-71.907847,1.085149,-0.218381
-71.555492,1.007768,-0.213258
-71.194158,0.930978,-0.208646
-70.831635,0.854559,-0.206794
-70.467866,0.778561,-0.20515
-70.102075,0.702385,-0.203587
-69.738563,0.627779,-0.203067
-69.365572,0.551896,-0.198258
-69.005803,0.480503,-0.19366
-68.637039,0.408873,-0.189225
-68.269202,0.339428,-0.184076
-67.899182,0.271212,-0.180947
-67.528119,0.203839,-0.178243
-67.154898,0.137341,-0.174354
-66.783205,0.07194,-0.170955
-66.410439,0.009161,-0.16352
-66.035914,-0.051065,-0.155597
-65.659701,-0.108856,-0.14863
-65.284652,-0.163273,-0.142306
-64.907107,-0.216023,-0.135854
-64.528649,-0.266775,-0.130587
-64.14858,-0.315654,-0.124985
-63.768835,-0.363112,-0.12003
-63.388955,-0.407503,-0.112022
-63.00744,-0.448472,-0.102311
-62.624621,-0.486253,-0.093831
-62.242405,-0.520922,-0.086698
-61.858265,-0.552876,-0.079807
-61.473498,-0.582507,-0.074076
-61.08767,-0.61032,-0.069145
-60.701329,-0.636587,-0.064933
-60.315607,-0.660497,-0.059036
-59.928747,-0.681308,-0.048963
-59.540945,-0.69867,-0.040913
-59.153284,-0.713682,-0.035204
-58.764321,-0.72644,-0.030451
-58.374804,-0.737312,-0.025517
-57.984395,-0.746549,-0.021275
-57.593556,-0.754296,-0.017419
-57.195614,-0.760047,-0.011713
-56.812332,-0.762687,-0.00293
-56.420439,-0.762681,0.002712
-56.021745,-0.761083,0.007022
-55.636591,-0.756788,0.012427
-55.243751,-0.75073,0.018256
-54.850017,-0.742682,0.023262
-54.456341,-0.732953,0.026515
-54.062646,-0.721891,0.029712
-53.668223,-0.709229,0.034355
-53.273156,-0.695119,0.036963
-52.87946,-0.680378,0.037642
-52.483118,-0.663834,0.039276
-52.087621,-0.647738,0.041789
-51.690938,-0.630811,0.043891
-51.295664,-0.613529,0.045404
-50.908497,-0.595784,0.042956
-50.504671,-0.577757,0.046134
-50.100302,-0.558611,0.048046
-49.707306,-0.539334,0.045917
-49.317356,-0.519179,0.047036
-48.912808,-0.499811,0.047856
-48.515717,-0.480799,0.047875
-48.125997,-0.462082,0.047705
-47.727821,-0.443122,0.0471
-47.329333,-0.424489,0.046227
-46.930577,-0.406165,0.045633
-46.531395,-0.388019,0.045158
-46.123781,-0.369851,0.043841
-45.723732,-0.352698,0.041675
-45.323253,-0.336538,0.038871
-44.922354,-0.321633,0.035345
-44.521038,-0.308195,0.0316
-44.12736,-0.296491,0.027752
-43.725266,-0.286182,0.023465
-43.322808,-0.277683,0.018485
-42.920017,-0.271536,0.011754
-42.508844,-0.268314,0.003617
-42.113529,-0.268691,-0.005725
-41.709888,-0.273018,-0.015783
-41.305993,-0.28152,-0.026432
-40.90187,-0.294386,-0.03719
-40.497536,-0.311486,-0.047067
-40.092964,-0.332134,-0.054273
-39.688137,-0.355047,-0.058315
-39.283055,-0.37913,-0.06018
-38.877705,-0.403728,-0.060888
-38.47208,-0.428478,-0.060909
-38.066179,-0.453184,-0.060647
-37.660005,-0.477771,-0.060266
-37.253566,-0.502217,-0.059887
-36.84687,-0.526526,-0.059479
-36.43992,-0.550598,-0.058585
-36.032712,-0.574233,-0.057291
-35.625246,-0.597288,-0.055719
-35.217524,-0.619691,-0.054053
-34.809554,-0.641411,-0.052312
-34.40134,-0.662428,-0.050583
-33.992894,-0.682847,-0.049463
-33.584237,-0.702929,-0.048814
-33.175383,-0.722833,-0.048521
-32.766345,-0.742668,-0.048408
-32.348944,-0.762884,-0.048398
-31.947746,-0.782322,-0.048426
-31.538199,-0.802177,-0.048457
-31.128493,-0.822048,-0.048464
-30.718632,-0.841926,-0.048461
-30.308622,-0.861812,-0.048465
-29.898467,-0.881705,-0.04846
-29.479965,-0.902002,-0.048465
-29.069532,-0.921909,-0.048461
-28.658967,-0.941821,-0.048464
-28.256489,-0.961342,-0.048462
-27.845699,-0.981265,-0.048462
-27.435107,-1.001179,-0.048463
-27.0248,-1.021079,-0.048461
-26.61477,-1.040966,-0.048465
-26.205006,-1.060839,-0.048461
-25.770939,-1.081892,-0.048466
-25.386248,-1.10055,-0.048461
-24.977237,-1.120387,-0.048465
-24.568462,-1.140214,-0.048462
-24.159915,-1.160029,-0.048464
-23.751589,-1.179834,-0.048464
-23.343476,-1.199627,-0.048463
-22.935572,-1.219412,-0.048466
-22.527868,-1.239186,-0.048462
-22.120358,-1.258952,-0.048467
-21.713038,-1.278708,-0.048462
-21.3059,-1.298455,-0.048467
-20.898938,-1.318194,-0.048463
-20.492149,-1.337924,-0.048466
-20.077394,-1.358042,-0.048465
-19.671711,-1.377717,-0.048465
-19.283675,-1.39654,-0.048483
-18.899738,-1.415184,-0.048592
-18.527567,-1.433326,-0.04884
-18.166795,-1.451009,-0.049106
-17.817066,-1.468234,-0.049306
-17.47136,-1.485319,-0.04945
-17.149364,-1.501274,-0.049572
-16.830733,-1.517105,-0.049722
-16.521828,-1.532501,-0.049869
-16.203708,-1.548398,-0.049977
-15.921068,-1.562541,-0.049989
-15.617333,-1.5777,-0.049654
-15.31054,-1.592849,-0.04897
-15.00078,-1.607884,-0.047978
-14.688141,-1.622702,-0.046678
-14.372708,-1.637179,-0.044964
-14.054565,-1.651148,-0.042679
-13.73379,-1.664388,-0.039672
-13.410461,-1.676608,-0.035657
-13.084655,-1.687439,-0.030674
-12.756436,-1.696611,-0.025152
-12.42588,-1.703977,-0.019302
-12.093071,-1.709369,-0.013124
-11.758055,-1.712846,-0.007965
-11.420903,-1.714947,-0.004863
-11.081709,-1.716294,-0.003271
-10.740555,-1.717259,-0.00251
-10.397501,-1.718082,-0.002361
-10.052571,-1.718884,-0.002176
-9.705931,-1.719549,-0.002286
-9.357948,-1.720577,-0.003204
-9.008272,-1.721776,-0.003437
-8.656992,-1.723002,-0.003413
-8.304353,-1.724188,-0.003594
-7.950512,-1.725434,-0.003549
-7.594871,-1.726758,-0.003675
-7.238123,-1.728134,-0.004164
-6.880072,-1.729657,-0.004318
-6.4991,-1.731331,-0.004502
-6.152849,-1.732907,-0.004573
-5.798223,-1.73454,-0.004633
-5.435189,-1.736229,-0.004689
-5.071009,-1.737951,-0.004742
